timestamp,seq_num,RSSI_dBm,SNR_dB,P_LoRa,state_label,packet_status,radiation_wm2
2026-06-01 17:08:46,1,-23,81,0.9999,LORA,LOST,1
2026-06-01 17:08:48,2,-25,79,0.9999,LORA,LOST,1
2026-06-01 17:08:50,3,-24,80,0.9999,LORA,LOST,1
2026-06-01 17:08:52,4,-25,79,0.9999,LORA,LOST,1
2026-06-01 17:08:54,5,-25,79,0.9999,LORA,LOST,1
2026-06-01 17:08:56,6,-24,80,0.9999,LORA,LOST,1
2026-06-01 17:08:58,7,-24,80,0.9999,LORA,LOST,1
2026-06-01 17:09:00,8,-24,80,0.9995,LORA,LOST,1
2026-06-01 17:09:02,9,-22,82,0.9995,LORA,LOST,1
2026-06-01 17:09:04,10,-22,82,0.9995,LORA,LOST,1
2026-06-01 17:09:06,11,-23,81,0.9995,LORA,LOST,1
2026-06-01 17:09:08,12,-23,81,0.9995,LORA,LOST,1
2026-06-01 17:09:10,13,-101,3,0.535,SWITCHING,LOST,1
2026-06-01 17:09:12,14,-24,80,0.9995,LORA,LOST,1
2026-06-01 17:09:14,15,-25,79,0.9995,LORA,LOST,1
2026-06-01 17:09:16,16,-22,82,0.9995,LORA,LOST,1
2026-06-01 17:09:33,17,-32,73,0.9883,LORA,OK,1
2026-06-01 17:09:34,18,-27,74,0.9995,LORA,LOST,1
2026-06-01 17:09:36,19,-22,79,0.9995,LORA,LOST,1
2026-06-01 17:09:49,20,-22,79,0.9996,LORA,LOST,1
2026-06-01 17:09:51,21,-27,74,0.9996,LORA,LOST,1
2026-06-01 17:10:04,22,-20,82,0.9997,LORA,LOST,1
2026-06-01 17:10:06,23,-21,81,0.9997,LORA,LOST,1
2026-06-01 17:10:10,24,-19,83,0.9997,LORA,LOST,1
2026-06-01 17:10:12,25,-19,83,0.9997,LORA,LOST,1
2026-06-01 17:10:14,26,-19,83,0.9997,LORA,LOST,1
2026-06-01 17:10:16,27,-19,83,0.9997,LORA,LOST,1
2026-06-01 17:10:20,28,-33,69,0.983,LORA,LOST,1
2026-06-01 17:10:22,29,-20,82,0.9997,LORA,LOST,1
2026-06-01 17:10:24,30,-19,83,0.9997,LORA,LOST,1
2026-06-01 17:10:26,31,-19,83,0.9997,LORA,LOST,1
2026-06-01 17:10:30,32,-20,82,0.9997,LORA,LOST,1
2026-06-01 17:10:32,33,-21,81,0.9997,LORA,LOST,1
2026-06-01 17:10:34,34,-21,107,0.9997,LORA,LOST,1
2026-06-01 17:10:36,35,-21,107,0.9997,LORA,LOST,1
2026-06-01 17:10:40,36,-21,107,0.9997,LORA,LOST,1
2026-06-01 17:10:42,37,-21,107,0.9997,LORA,LOST,1
2026-06-01 17:10:44,38,-22,106,0.9997,LORA,LOST,1
2026-06-01 17:10:46,39,-22,106,0.9997,LORA,LOST,1
2026-06-01 17:10:50,40,-22,106,0.9997,LORA,LOST,1
2026-06-01 17:10:52,41,-22,106,0.9997,LORA,LOST,1
2026-06-01 17:10:54,42,-21,107,0.9997,LORA,LOST,1
2026-06-01 17:10:56,43,-22,106,0.9997,LORA,LOST,1
2026-06-01 17:11:00,44,-21,107,0.9997,LORA,LOST,1
2026-06-01 17:11:02,45,-22,106,0.9997,LORA,LOST,1
2026-06-01 17:11:04,46,-22,106,0.9997,LORA,LOST,1
2026-06-01 17:11:06,47,-22,106,0.9997,LORA,LOST,1
2026-06-01 17:11:11,48,-22,106,0.9997,LORA,LOST,1
2026-06-01 17:11:12,49,-23,105,0.9997,LORA,LOST,1
2026-06-01 17:11:14,50,-21,107,0.9997,LORA,LOST,1
2026-06-01 17:11:16,51,-21,107,0.9997,LORA,LOST,1
2026-06-01 17:11:18,52,-23,105,0.9997,LORA,LOST,1
2026-06-01 17:11:20,53,-22,106,0.9997,LORA,LOST,1
2026-06-01 17:11:22,54,-22,106,0.9997,LORA,LOST,1
2026-06-01 17:11:24,55,-22,106,0.9999,LORA,LOST,1
2026-06-01 17:11:26,56,-22,106,0.9999,LORA,LOST,1
2026-06-01 17:11:28,57,-23,105,0.9999,LORA,LOST,1
2026-06-01 17:11:30,58,-21,107,0.9999,LORA,LOST,1
2026-06-01 17:11:32,59,-22,106,0.9999,LORA,LOST,1
2026-06-01 17:11:34,60,-21,82,0.9999,LORA,LOST,1
2026-06-01 17:11:36,61,-21,82,0.9999,LORA,LOST,1
2026-06-01 17:11:38,62,-23,80,0.9999,LORA,LOST,1
2026-06-01 17:11:40,63,-22,81,0.9999,LORA,LOST,1
2026-06-01 17:11:42,64,-20,83,0.9999,LORA,LOST,1
2026-06-01 17:11:44,65,-21,82,0.9999,LORA,LOST,1
2026-06-01 17:11:46,66,-20,83,0.9999,LORA,LOST,1
2026-06-01 17:11:49,67,-22,81,0.9999,LORA,LOST,1
2026-06-01 17:11:50,68,-21,82,0.9999,LORA,LOST,1
2026-06-01 17:11:52,69,-21,82,0.9999,LORA,LOST,1
2026-06-01 17:11:54,70,-33,70,0.9832,LORA,LOST,1
2026-06-01 17:11:56,71,-19,84,0.9999,LORA,LOST,1
2026-06-01 17:11:58,72,-21,82,0.9999,LORA,LOST,1
2026-06-01 17:12:00,73,-20,83,0.9999,LORA,LOST,1
2026-06-01 17:12:02,74,-21,82,0.9999,LORA,LOST,1
2026-06-01 17:12:04,75,-21,81,0.9999,LORA,LOST,1
2026-06-01 17:12:06,76,-20,82,0.9999,LORA,LOST,1
2026-06-01 17:12:08,77,-21,81,0.9999,LORA,LOST,1
2026-06-01 17:12:10,78,-20,82,0.9999,LORA,LOST,1
2026-06-01 17:12:12,79,-21,81,0.9997,LORA,LOST,1
2026-06-01 17:12:14,80,-21,81,0.9997,LORA,LOST,1
2026-06-01 17:12:16,81,-23,79,0.9997,LORA,LOST,1
2026-06-01 17:12:18,82,-24,78,0.9997,LORA,LOST,1
2026-06-01 17:12:20,83,-22,80,0.9997,LORA,LOST,1
2026-06-01 17:12:22,84,-22,80,0.9997,LORA,LOST,1
2026-06-01 17:12:24,85,-23,79,0.9997,LORA,LOST,1
2026-06-01 17:12:26,86,-22,80,0.9997,LORA,LOST,1
2026-06-01 17:12:28,87,-23,79,0.9998,LORA,LOST,1
2026-06-01 17:12:30,88,-22,80,0.9998,LORA,OK,1
2026-06-01 17:12:32,89,-22,80,0.9998,LORA,OK,1
2026-06-01 17:12:34,90,-22,79,0.9998,LORA,OK,1
2026-06-01 17:12:36,91,-22,79,0.9998,LORA,OK,1
2026-06-01 17:12:38,92,-23,78,0.9998,LORA,OK,1
2026-06-01 17:12:40,93,-22,79,0.9998,LORA,OK,1
2026-06-01 17:12:42,94,-22,79,0.9998,LORA,OK,1
2026-06-01 17:12:44,95,-21,80,0.9998,LORA,OK,1
2026-06-01 17:12:46,96,-21,80,0.9998,LORA,OK,1
2026-06-01 17:12:48,97,-23,78,0.9998,LORA,OK,1
2026-06-01 17:12:50,98,-21,80,0.9998,LORA,OK,1
2026-06-01 17:12:52,99,-22,79,0.9998,LORA,OK,1
2026-06-01 17:12:54,100,-23,78,0.9998,LORA,OK,1
2026-06-01 17:12:56,101,-22,79,0.9998,LORA,OK,1
2026-06-01 17:12:58,102,-22,79,0.9998,LORA,OK,1
2026-06-01 17:13:00,103,-22,79,0.9998,LORA,OK,1
2026-06-01 17:13:02,104,-21,80,0.9998,LORA,OK,1
2026-06-01 17:13:04,105,-23,79,0.9998,LORA,OK,1
2026-06-01 17:13:06,106,-22,80,0.9998,LORA,OK,1
2026-06-01 17:13:09,107,-22,80,0.9998,LORA,OK,1
2026-06-01 17:13:10,108,-22,80,0.9998,LORA,OK,1
2026-06-01 17:13:12,109,-25,77,0.9998,LORA,OK,1
2026-06-01 17:13:14,110,-23,79,0.9998,LORA,OK,1
2026-06-01 17:13:16,111,-22,80,0.9998,LORA,OK,1
2026-06-01 17:13:19,112,-22,80,0.9998,LORA,OK,1
2026-06-01 17:13:20,113,-22,80,0.9998,LORA,OK,1
2026-06-01 17:13:22,114,-21,81,0.9998,LORA,OK,1
2026-06-01 17:13:24,115,-22,80,0.9998,LORA,OK,1
2026-06-01 17:13:26,116,-23,79,0.9998,LORA,OK,1
2026-06-01 17:13:28,117,-23,79,0.9998,LORA,OK,1
2026-06-01 17:13:30,118,-20,82,0.9998,LORA,OK,1
2026-06-01 17:13:32,119,-22,80,0.9998,LORA,OK,1
2026-06-01 17:13:34,120,-22,65,0.9998,LORA,OK,1
2026-06-01 17:13:36,121,-22,65,0.9998,LORA,OK,1
2026-06-01 17:13:38,122,-21,66,0.9998,LORA,OK,1
2026-06-01 17:13:40,123,-20,67,0.9998,LORA,OK,1
2026-06-01 17:13:42,124,-22,65,0.9998,LORA,OK,1
2026-06-01 17:13:44,125,-21,66,0.9998,LORA,OK,1
2026-06-01 17:13:46,126,-21,66,0.9998,LORA,OK,1
2026-06-01 17:13:48,127,-23,64,0.9999,LORA,OK,1
2026-06-01 17:13:51,128,-21,66,0.9999,LORA,OK,1
2026-06-01 17:13:53,129,-21,66,0.9999,LORA,OK,1
2026-06-01 17:13:55,130,-21,66,0.9999,LORA,OK,1
2026-06-01 17:13:57,131,-21,66,0.9999,LORA,OK,1
2026-06-01 17:13:59,132,-22,65,0.9999,LORA,OK,1
2026-06-01 17:14:01,133,-21,66,0.9999,LORA,OK,1
2026-06-01 17:14:03,134,-102,-15,0.3499,SWITCHING,OK,1
2026-06-01 17:14:05,135,-22,65,0.9999,LORA,OK,1
2026-06-01 17:14:07,136,-23,64,0.9999,LORA,OK,1
2026-06-01 17:14:09,137,-22,65,0.9999,LORA,OK,1
2026-06-01 17:14:11,138,-22,65,0.9999,LORA,OK,1
2026-06-01 17:14:13,139,-21,66,0.9999,LORA,OK,1
2026-06-01 17:14:15,140,-22,65,0.9999,LORA,OK,1
2026-06-01 17:14:17,141,-21,66,0.9999,LORA,OK,1
2026-06-01 17:14:19,142,-21,66,0.9999,LORA,OK,1
2026-06-01 17:14:21,143,-21,66,0.9999,LORA,OK,1
2026-06-01 17:14:23,144,-21,66,0.9999,LORA,OK,1
2026-06-01 17:14:25,145,-21,66,0.9999,LORA,OK,1
2026-06-01 17:14:27,146,-21,66,0.9999,LORA,OK,1
2026-06-01 17:14:29,147,-21,66,0.9999,LORA,OK,1
2026-06-01 17:14:31,148,-21,66,0.9999,LORA,OK,1
2026-06-01 17:14:33,149,-102,-15,0.3499,SWITCHING,OK,1
2026-06-01 17:14:35,150,-21,66,0.9999,LORA,OK,1
2026-06-01 17:14:37,151,-21,66,0.9999,LORA,OK,1
2026-06-01 17:14:39,152,-21,66,0.9999,LORA,OK,1
2026-06-01 17:14:41,153,-22,65,0.9999,LORA,OK,1
2026-06-01 17:14:43,154,-21,66,0.9999,LORA,OK,1
2026-06-01 17:14:45,155,-21,66,0.9999,LORA,OK,1
2026-06-01 17:14:47,156,-20,67,0.9999,LORA,OK,1
2026-06-01 17:14:49,157,-19,68,0.9999,LORA,OK,1
2026-06-01 17:14:51,158,-19,68,0.9999,LORA,OK,1
2026-06-01 17:14:53,159,-20,67,0.9999,LORA,OK,1
2026-06-01 17:14:55,160,-21,66,0.9999,LORA,OK,1
2026-06-01 17:14:57,161,-20,67,0.9999,LORA,OK,1
2026-06-01 17:42:50,1,-40,20,0.9997,LORA,OK,0
2026-06-01 17:42:52,2,-42,20,0.9997,LORA,OK,0
2026-06-01 17:42:54,3,-101,2,0.6097,SWITCHING,OK,0
2026-06-01 17:42:56,4,-40,20,0.9997,LORA,OK,0
2026-06-01 17:42:58,5,-43,20,0.9997,LORA,OK,0
2026-06-01 17:43:01,6,-37,20,0.9997,LORA,OK,0
2026-06-01 17:43:03,7,-40,20,0.9997,LORA,OK,0
2026-06-01 17:43:05,8,-42,20,0.9997,LORA,OK,0
2026-06-01 17:43:07,9,-42,20,0.9997,LORA,OK,0
2026-06-01 17:43:09,10,-41,20,0.9997,LORA,OK,0
2026-06-01 17:43:11,11,-39,20,0.9997,LORA,OK,0
2026-06-01 17:43:13,12,-40,20,0.9997,LORA,OK,0
2026-06-01 17:43:15,13,-40,20,0.9997,LORA,OK,0
2026-06-01 17:43:17,14,-36,20,0.9997,LORA,OK,0
2026-06-01 17:43:19,15,-39,20,0.9997,LORA,OK,0
2026-06-01 17:43:21,16,-37,20,0.9997,LORA,OK,1
2026-06-01 17:43:23,17,-38,20,0.9997,LORA,OK,1
2026-06-01 17:43:30,18,-47,20,0.9997,LORA,OK,1
2026-06-01 17:43:33,19,-46,20,0.9997,LORA,OK,1
2026-06-01 17:43:35,20,-45,20,0.9997,LORA,OK,1
2026-06-01 17:43:37,21,-46,20,0.9997,LORA,OK,1
2026-06-01 17:43:39,22,-47,20,0.9997,LORA,OK,1
2026-06-01 17:43:41,23,-36,20,0.9997,LORA,OK,1
2026-06-01 17:43:43,24,-34,20,0.9997,LORA,OK,1
2026-06-01 17:43:45,25,-33,20,0.9997,LORA,OK,1
2026-06-01 17:43:47,26,-33,20,0.9997,LORA,OK,1
2026-06-01 17:43:49,27,-33,20,0.9997,LORA,OK,1
2026-06-01 17:43:51,28,-33,20,0.9997,LORA,OK,1
2026-06-01 17:43:53,29,-34,20,0.9997,LORA,OK,1
2026-06-01 17:44:01,30,-33,20,0.9997,LORA,OK,1
2026-06-01 17:44:03,31,-33,20,0.9997,LORA,OK,1
2026-06-01 17:44:05,32,-33,20,0.9997,LORA,OK,1
2026-06-01 17:44:07,33,-37,20,0.9997,LORA,OK,1
2026-06-01 17:44:09,34,-34,20,0.9997,LORA,OK,1
2026-06-01 17:44:11,35,-35,20,0.9997,LORA,OK,1
2026-06-01 17:44:13,36,-40,20,0.9997,LORA,OK,1
2026-06-01 17:44:15,37,-40,20,0.9997,LORA,OK,1
2026-06-01 17:44:17,38,-42,20,0.9997,LORA,OK,1
2026-06-01 17:44:19,39,-41,20,0.9997,LORA,OK,1
2026-06-01 17:44:21,40,-39,20,0.9997,LORA,OK,1
2026-06-01 17:44:23,41,-37,20,0.9997,LORA,OK,1
2026-06-01 17:44:31,42,-38,20,0.9997,LORA,OK,1
2026-06-01 17:44:33,43,-36,20,0.9997,LORA,OK,1
2026-06-01 17:44:37,44,-34,20,0.9997,LORA,OK,1
2026-06-01 17:44:37,45,-34,20,0.9997,LORA,OK,1
2026-06-01 17:44:39,46,-35,20,0.9996,LORA,OK,1
2026-06-01 17:44:41,47,-32,20,0.9996,LORA,OK,1
2026-06-01 17:44:43,48,-31,20,0.9996,LORA,OK,1
2026-06-01 17:44:45,49,-31,20,0.9996,LORA,OK,1
2026-06-01 17:44:47,50,-30,20,0.9996,LORA,OK,1
2026-06-01 17:44:50,51,-31,20,0.9996,LORA,OK,1
2026-06-01 17:44:52,52,-30,20,0.9996,LORA,OK,1
2026-06-01 17:44:53,53,-31,20,0.9996,LORA,OK,1
2026-06-01 17:44:55,54,-29,20,0.9996,LORA,OK,1
2026-06-01 17:44:58,55,-38,20,0.9996,LORA,OK,1
2026-06-01 17:45:11,56,-39,20,0.9996,LORA,OK,1
2026-06-01 17:45:13,57,-36,20,0.9996,LORA,OK,1
2026-06-01 17:45:15,58,-33,20,0.9996,LORA,OK,1
2026-06-01 17:45:17,59,-33,20,0.9996,LORA,OK,1
2026-06-01 17:45:19,60,-35,20,0.9996,LORA,OK,1
2026-06-01 17:45:21,61,-36,20,0.9996,LORA,OK,1
2026-06-01 17:45:24,62,-30,20,0.9996,LORA,OK,1
2026-06-01 17:45:26,63,-25,20,0.9996,LORA,OK,1
2026-06-01 17:45:28,64,-24,20,0.9996,LORA,OK,22
2026-06-01 17:45:30,65,-24,20,0.9996,LORA,OK,22
2026-06-01 17:45:32,66,-24,20,0.9996,LORA,OK,22
2026-06-01 17:45:34,67,-29,20,0.9996,LORA,OK,22
2026-06-01 17:45:36,68,-29,20,0.9996,LORA,OK,22
2026-06-01 17:45:38,69,-29,20,0.9996,LORA,OK,22
2026-06-01 17:45:40,70,-30,20,0.9996,LORA,OK,22
2026-06-01 17:45:42,71,-28,20,0.9996,LORA,OK,22
2026-06-01 17:45:44,72,-29,20,0.9995,LORA,OK,22
2026-06-01 17:45:46,73,-28,20,0.9995,LORA,OK,22
2026-06-01 17:45:48,74,-30,20,0.9995,LORA,OK,22
2026-06-01 17:45:50,75,-30,20,0.9995,LORA,OK,22
2026-06-01 17:45:52,76,-29,20,0.9995,LORA,OK,22
2026-06-01 17:45:54,77,-28,20,0.9995,LORA,OK,22
2026-06-01 17:45:57,78,-30,20,0.9995,LORA,OK,22
2026-06-01 17:45:59,79,-26,20,0.9995,LORA,OK,22
2026-06-01 17:46:01,80,-30,20,0.9995,LORA,OK,1
2026-06-01 17:46:03,81,-29,20,0.9995,LORA,OK,1
2026-06-01 17:46:05,82,-29,20,0.9995,LORA,OK,1
2026-06-01 17:46:07,83,-27,20,0.9995,LORA,OK,1
2026-06-01 17:46:09,84,-31,20,0.9995,LORA,OK,1
2026-06-01 17:46:12,85,-29,20,0.9995,LORA,OK,1
2026-06-01 17:46:14,86,-27,20,0.9995,LORA,OK,1
2026-06-01 17:46:16,87,-28,20,0.9995,LORA,OK,1
2026-06-01 17:46:18,88,-28,20,0.9995,LORA,OK,1
2026-06-01 17:46:30,89,-27,20,0.9995,LORA,OK,1
