time,distance_m,RSSI_dBm,SNR_dB,P_LoRa_raw,P_LoRa_ema,trend,w1_rssi,w2_snr,w3_dist,P_LOW_eff,P_HIGH_eff,state,state_label
0,74.51,-83.1,10.0,0.7808,0.7808,0.0,0.399,0.299,0.302,0.3,0.7,0,LORA
1,31.79,-74.46,7.96,0.8057,0.7883,0.0075,0.399,0.3,0.301,0.296,0.698,0,LORA
2,202.22,-87.67,10.0,0.7517,0.7773,-0.011,0.396,0.298,0.306,0.305,0.703,0,LORA
3,386.03,-94.13,10.0,0.7105,0.7572,-0.02,0.392,0.296,0.312,0.31,0.706,0,LORA
4,174.96,-88.62,9.78,0.7461,0.7539,-0.0033,0.397,0.298,0.305,0.302,0.701,0,LORA
5,227.43,-90.66,10.0,0.7356,0.7484,-0.0055,0.395,0.298,0.307,0.303,0.702,0,LORA
6,551.88,-95.48,5.14,0.6476,0.7182,-0.0302,0.389,0.294,0.317,0.315,0.709,0,LORA
7,482.53,-99.83,4.62,0.6247,0.6901,-0.028,0.39,0.295,0.314,0.314,0.708,0,LORA
8,349.36,-93.39,4.35,0.6601,0.6811,-0.009,0.393,0.297,0.31,0.304,0.703,0,LORA
9,553.49,-99.95,9.67,0.6703,0.6779,-0.0033,0.389,0.294,0.317,0.302,0.701,0,LORA
10,454.87,-98.16,8.58,0.6733,0.6765,-0.0014,0.391,0.295,0.314,0.301,0.7,0,LORA
11,506.74,-95.22,6.85,0.668,0.6739,-0.0026,0.39,0.295,0.315,0.301,0.701,0,LORA
12,665.05,-98.59,6.57,0.6407,0.664,-0.01,0.387,0.293,0.32,0.305,0.703,0,LORA
13,393.84,-93.71,5.39,0.6666,0.6648,0.0008,0.392,0.296,0.312,0.3,0.7,0,LORA
14,474.1,-93.97,10.0,0.7067,0.6774,0.0126,0.391,0.295,0.314,0.294,0.696,0,LORA
15,700.42,-101.49,6.06,0.6198,0.6601,-0.0173,0.386,0.293,0.321,0.309,0.705,0,LORA
16,684.68,-99.29,6.11,0.6318,0.6516,-0.0085,0.386,0.293,0.321,0.304,0.703,0,LORA
17,935.49,-105.2,5.84,0.5876,0.6324,-0.0192,0.381,0.291,0.328,0.31,0.706,0,LORA
18,803.8,-101.87,6.14,0.6134,0.6267,-0.0057,0.384,0.292,0.324,0.303,0.702,0,LORA
19,779.7,-102.95,5.77,0.6059,0.6205,-0.0062,0.384,0.292,0.323,0.303,0.702,0,LORA
20,1262.83,-106.79,0.84,0.5141,0.5885,-0.0319,0.375,0.287,0.338,0.316,0.71,0,LORA
21,1060.44,-103.66,4.58,0.5759,0.5848,-0.0038,0.379,0.289,0.332,0.302,0.701,0,LORA
22,1155.63,-108.7,6.83,0.5685,0.5799,-0.0049,0.377,0.288,0.335,0.302,0.701,0,LORA
23,982.87,-98.45,6.79,0.6263,0.5938,0.0139,0.38,0.29,0.329,0.293,0.696,0,LORA
24,1165.86,-109.35,6.19,0.5588,0.5833,-0.0105,0.377,0.288,0.335,0.305,0.703,0,LORA
25,1314.96,-111.1,1.09,0.4934,0.5563,-0.027,0.374,0.287,0.339,0.313,0.708,0,LORA
26,1176.33,-102.94,0.96,0.5381,0.5509,-0.0055,0.376,0.288,0.335,0.303,0.702,0,LORA
27,1455.85,-106.04,1.01,0.5083,0.5381,-0.0128,0.371,0.285,0.344,0.306,0.704,0,LORA
28,1359.76,-105.9,1.95,0.5234,0.5337,-0.0044,0.373,0.286,0.341,0.302,0.701,0,LORA
29,1456.3,-106.53,3.45,0.5291,0.5323,-0.0014,0.371,0.285,0.344,0.301,0.7,0,LORA
30,1459.82,-108.48,-2.14,0.4667,0.5126,-0.0197,0.371,0.285,0.344,0.31,0.706,0,LORA
31,1877.78,-113.5,1.79,0.4563,0.4957,-0.0169,0.362,0.281,0.356,0.308,0.705,0,LORA
32,1647.6,-109.35,-0.2,0.4703,0.4881,-0.0076,0.367,0.284,0.349,0.304,0.702,0,LORA
33,1540.47,-110.98,-0.1,0.47,0.4827,-0.0054,0.369,0.285,0.346,0.303,0.702,0,LORA
34,1871.82,-107.85,-3.26,0.4349,0.4683,-0.0143,0.363,0.281,0.356,0.307,0.704,0,LORA
35,1614.43,-109.83,-3.0,0.4436,0.4609,-0.0074,0.368,0.284,0.348,0.304,0.702,0,LORA
36,1877.81,-113.28,0.38,0.444,0.4558,-0.0051,0.362,0.281,0.356,0.303,0.702,0,LORA
37,1601.25,-110.27,0.54,0.4757,0.4618,0.006,0.368,0.284,0.348,0.297,0.698,0,LORA
38,1744.48,-108.87,-3.05,0.4399,0.4552,-0.0066,0.365,0.283,0.352,0.303,0.702,0,LORA
39,2021.53,-113.19,-4.72,0.388,0.435,-0.0202,0.36,0.28,0.361,0.31,0.706,0,LORA
40,2150.85,-114.55,-3.58,0.3845,0.4199,-0.0152,0.357,0.278,0.365,0.308,0.705,0,LORA
41,2113.64,-111.18,0.66,0.4412,0.4263,0.0064,0.358,0.279,0.363,0.297,0.698,0,LORA
42,2118.2,-111.2,-3.23,0.4047,0.4198,-0.0065,0.358,0.279,0.364,0.303,0.702,0,LORA
43,2137.77,-113.54,-5.83,0.3689,0.4045,-0.0153,0.357,0.279,0.364,0.308,0.705,0,LORA
44,2008.3,-112.85,-2.54,0.4106,0.4064,0.0018,0.36,0.28,0.36,0.299,0.699,0,LORA
45,2168.99,-111.46,-3.56,0.3973,0.4036,-0.0027,0.357,0.278,0.365,0.301,0.701,0,LORA
46,2254.52,-116.87,-8.92,0.3182,0.378,-0.0256,0.355,0.277,0.368,0.313,0.708,0,LORA
47,2528.57,-117.82,-5.28,0.3301,0.3636,-0.0144,0.349,0.275,0.376,0.307,0.704,0,LORA
48,2467.67,-115.52,-5.27,0.3443,0.3578,-0.0058,0.351,0.275,0.374,0.303,0.702,0,LORA
49,2197.53,-112.92,-1.79,0.4053,0.3721,0.0143,0.356,0.278,0.366,0.293,0.696,0,LORA
50,2556.19,-112.77,-1.64,0.3836,0.3755,0.0035,0.349,0.274,0.377,0.298,0.699,0,LORA
51,2495.13,-109.05,-2.72,0.3942,0.3811,0.0056,0.35,0.275,0.375,0.297,0.698,0,LORA
52,2496.38,-110.9,-5.52,0.3603,0.3749,-0.0062,0.35,0.275,0.375,0.303,0.702,0,LORA
53,2734.41,-114.81,-8.62,0.2989,0.3521,-0.0228,0.345,0.273,0.382,0.311,0.707,0,LORA
54,2841.76,-114.75,-1.9,0.3526,0.3523,0.0002,0.343,0.272,0.385,0.3,0.7,0,LORA
55,2870.96,-117.8,-7.11,0.2904,0.3337,-0.0185,0.343,0.271,0.386,0.309,0.706,0,LORA
56,2649.24,-114.09,-5.87,0.3329,0.3335,-0.0002,0.347,0.274,0.379,0.3,0.7,0,LORA
57,2772.29,-115.33,-6.68,0.3117,0.3269,-0.0065,0.345,0.272,0.383,0.303,0.702,0,LORA
58,2911.59,-113.95,-7.07,0.3043,0.3202,-0.0068,0.342,0.271,0.387,0.303,0.702,0,LORA
59,3051.15,-117.84,-8.6,0.2642,0.3034,-0.0168,0.339,0.269,0.392,0.308,0.705,1,SWITCHING
60,2875.54,-113.25,-8.4,0.2979,0.3017,-0.0016,0.342,0.271,0.386,0.301,0.7,1,SWITCHING
61,2961.84,-110.48,-8.86,0.2994,0.301,-0.0007,0.341,0.27,0.389,0.3,0.7,1,SWITCHING
62,2865.69,-115.1,-7.26,0.301,0.301,-0.0,0.343,0.271,0.386,0.3,0.7,1,SWITCHING
63,2893.81,-113.66,-8.45,0.2944,0.299,-0.002,0.342,0.271,0.387,0.301,0.701,2,STARLINK
64,3236.39,-113.85,-10.84,0.2475,0.2836,-0.0154,0.335,0.268,0.397,0.308,0.705,2,STARLINK
65,3358.88,-117.47,-9.94,0.2314,0.2679,-0.0157,0.333,0.266,0.401,0.308,0.705,2,STARLINK
66,3185.22,-115.09,-9.62,0.257,0.2646,-0.0033,0.336,0.268,0.396,0.302,0.701,2,STARLINK
67,3386.77,-116.3,-7.31,0.2575,0.2625,-0.0021,0.332,0.266,0.402,0.301,0.701,2,STARLINK
68,3330.35,-115.89,-15.28,0.1926,0.2415,-0.021,0.333,0.267,0.4,0.31,0.706,2,STARLINK
69,3218.85,-118.18,-7.13,0.2638,0.2482,0.0067,0.336,0.268,0.397,0.297,0.698,2,STARLINK
70,3408.96,-116.33,-7.96,0.2499,0.2487,0.0005,0.332,0.266,0.402,0.3,0.7,2,STARLINK
71,3624.23,-115.48,-15.89,0.1671,0.2242,-0.0245,0.328,0.264,0.409,0.312,0.707,2,STARLINK
72,3426.54,-112.1,-11.24,0.2371,0.2281,0.0038,0.331,0.266,0.403,0.298,0.699,2,STARLINK
73,3704.63,-114.31,-12.97,0.1913,0.217,-0.011,0.326,0.263,0.411,0.306,0.703,2,STARLINK
74,3114.6,-109.1,-11.5,0.2705,0.2331,0.016,0.338,0.269,0.393,0.292,0.695,2,STARLINK
75,3668.09,-119.39,-13.56,0.1682,0.2136,-0.0195,0.327,0.263,0.41,0.31,0.706,2,STARLINK
76,3594.72,-114.28,-13.79,0.1927,0.2074,-0.0063,0.328,0.264,0.408,0.303,0.702,2,STARLINK
77,3573.27,-116.3,-7.94,0.2377,0.2165,0.0091,0.329,0.264,0.407,0.295,0.697,2,STARLINK
78,3667.94,-110.52,-10.14,0.2345,0.2219,0.0054,0.327,0.263,0.41,0.297,0.698,2,STARLINK
79,3391.7,-118.78,-7.81,0.2424,0.228,0.0062,0.332,0.266,0.402,0.297,0.698,2,STARLINK
80,3692.13,-119.67,-10.71,0.1903,0.2167,-0.0113,0.326,0.263,0.411,0.306,0.703,2,STARLINK
81,3813.49,-119.25,-15.14,0.1438,0.1948,-0.0219,0.324,0.262,0.414,0.311,0.707,2,STARLINK
82,4016.03,-120.0,-15.15,0.1248,0.1738,-0.021,0.32,0.26,0.42,0.311,0.706,2,STARLINK
83,3750.6,-118.88,-11.52,0.1818,0.1762,0.0024,0.325,0.262,0.413,0.299,0.699,2,STARLINK
84,3740.65,-119.55,-14.89,0.1504,0.1685,-0.0077,0.325,0.263,0.412,0.304,0.702,2,STARLINK
85,3819.82,-117.02,-11.49,0.1842,0.1732,0.0047,0.324,0.262,0.415,0.298,0.699,2,STARLINK
86,4065.11,-117.03,-14.87,0.1351,0.1617,-0.0114,0.319,0.259,0.422,0.306,0.703,2,STARLINK
87,4009.41,-112.3,-14.81,0.1591,0.1609,-0.0008,0.32,0.26,0.42,0.3,0.7,2,STARLINK
88,3912.48,-114.85,-12.05,0.1806,0.1668,0.0059,0.322,0.261,0.417,0.297,0.698,2,STARLINK
89,4100.35,-119.87,-13.71,0.1309,0.1561,-0.0108,0.318,0.259,0.423,0.305,0.703,2,STARLINK
90,4068.89,-120.0,-15.14,0.1206,0.1454,-0.0106,0.319,0.259,0.422,0.305,0.703,2,STARLINK
91,4230.15,-116.95,-13.06,0.1373,0.143,-0.0024,0.315,0.258,0.427,0.301,0.701,2,STARLINK
92,4009.61,-120.0,-16.22,0.116,0.1349,-0.0081,0.32,0.26,0.42,0.304,0.702,2,STARLINK
93,4095.39,-112.63,-13.34,0.1633,0.1434,0.0085,0.318,0.259,0.423,0.296,0.697,2,STARLINK
94,4114.88,-114.63,-13.5,0.1523,0.1461,0.0027,0.318,0.259,0.423,0.299,0.699,2,STARLINK
95,3982.86,-119.27,-14.52,0.1358,0.143,-0.0031,0.32,0.26,0.419,0.302,0.701,2,STARLINK
96,4275.04,-120.0,-15.0,0.105,0.1316,-0.0114,0.314,0.257,0.428,0.306,0.703,2,STARLINK
97,4297.55,-114.52,-18.29,0.0965,0.1211,-0.0105,0.314,0.257,0.429,0.305,0.703,2,STARLINK
98,4286.45,-118.9,-13.87,0.118,0.1202,-0.0009,0.314,0.257,0.429,0.3,0.7,2,STARLINK
99,4277.32,-114.82,-16.03,0.1163,0.119,-0.0012,0.314,0.257,0.428,0.301,0.7,2,STARLINK
100,4126.55,-120.0,-15.8,0.1102,0.1164,-0.0026,0.317,0.259,0.424,0.301,0.701,2,STARLINK
101,4301.63,-120.0,-13.71,0.1138,0.1156,-0.0008,0.314,0.257,0.429,0.3,0.7,2,STARLINK
102,4338.7,-118.65,-17.44,0.0841,0.1061,-0.0095,0.313,0.257,0.43,0.305,0.703,2,STARLINK
103,4294.67,-118.43,-18.58,0.0788,0.0979,-0.0082,0.314,0.257,0.429,0.304,0.702,2,STARLINK
104,4415.23,-120.0,-19.6,0.0539,0.0847,-0.0132,0.312,0.256,0.432,0.307,0.704,2,STARLINK
105,4523.96,-117.19,-15.93,0.0869,0.0854,0.0006,0.31,0.255,0.436,0.3,0.7,2,STARLINK
106,4769.71,-120.0,-20.0,0.0204,0.0659,-0.0195,0.305,0.252,0.443,0.31,0.706,2,STARLINK
107,4535.9,-119.51,-13.71,0.0958,0.0749,0.009,0.309,0.255,0.436,0.296,0.697,2,STARLINK
108,4570.79,-118.8,-20.0,0.0422,0.0651,-0.0098,0.309,0.254,0.437,0.305,0.703,2,STARLINK
109,4542.93,-117.56,-13.86,0.1014,0.076,0.0109,0.309,0.255,0.436,0.295,0.697,2,STARLINK
110,4287.71,-116.42,-15.3,0.1154,0.0878,0.0118,0.314,0.257,0.429,0.294,0.696,2,STARLINK
111,4592.48,-120.0,-17.75,0.0548,0.0779,-0.0099,0.308,0.254,0.438,0.305,0.703,2,STARLINK
112,4625.92,-120.0,-18.85,0.0426,0.0673,-0.0106,0.307,0.254,0.439,0.305,0.703,2,STARLINK
113,5000.0,-116.17,-19.2,0.021,0.0534,-0.0139,0.3,0.25,0.45,0.307,0.704,2,STARLINK
114,4627.34,-118.28,-17.84,0.0576,0.0547,0.0013,0.307,0.254,0.439,0.299,0.7,2,STARLINK
115,4720.31,-120.0,-16.12,0.0574,0.0555,0.0008,0.306,0.253,0.442,0.3,0.7,2,STARLINK
116,4688.25,-114.74,-17.9,0.0653,0.0584,0.0029,0.306,0.253,0.441,0.299,0.699,2,STARLINK
117,4536.0,-118.74,-16.92,0.0715,0.0624,0.0039,0.309,0.255,0.436,0.298,0.699,2,STARLINK
118,4900.06,-116.27,-20.0,0.023,0.0506,-0.0118,0.302,0.251,0.447,0.306,0.704,2,STARLINK
119,4858.24,-119.53,-19.26,0.0206,0.0416,-0.009,0.303,0.251,0.446,0.304,0.703,2,STARLINK
120,4880.39,-113.59,-18.67,0.0461,0.0429,0.0013,0.302,0.251,0.446,0.299,0.7,2,STARLINK
121,4641.09,-114.03,-20.0,0.0544,0.0464,0.0035,0.307,0.254,0.439,0.298,0.699,2,STARLINK
122,5000.0,-120.0,-20.0,0.0,0.0325,-0.0139,0.3,0.25,0.45,0.307,0.704,2,STARLINK
123,4597.16,-116.3,-16.1,0.0826,0.0475,0.015,0.308,0.254,0.438,0.292,0.695,2,STARLINK
124,4909.64,-117.89,-19.12,0.0234,0.0403,-0.0072,0.302,0.251,0.447,0.304,0.702,2,STARLINK
125,5000.0,-115.89,-20.0,0.0154,0.0328,-0.0075,0.3,0.25,0.45,0.304,0.702,2,STARLINK
126,4699.78,-120.0,-18.16,0.042,0.0356,0.0027,0.306,0.253,0.441,0.299,0.699,2,STARLINK
127,4775.98,-117.51,-17.96,0.0465,0.0388,0.0033,0.304,0.252,0.443,0.298,0.699,2,STARLINK
128,4887.91,-116.61,-20.0,0.0228,0.034,-0.0048,0.302,0.251,0.447,0.302,0.701,2,STARLINK
129,4808.94,-120.0,-20.0,0.017,0.0289,-0.0051,0.304,0.252,0.444,0.303,0.702,2,STARLINK
130,4662.82,-120.0,-17.59,0.0501,0.0353,0.0063,0.307,0.253,0.44,0.297,0.698,2,STARLINK
131,4916.12,-120.0,-20.0,0.0075,0.0269,-0.0083,0.302,0.251,0.447,0.304,0.702,2,STARLINK
132,4756.37,-120.0,-17.72,0.0407,0.0311,0.0041,0.305,0.252,0.443,0.298,0.699,2,STARLINK
133,4996.09,-117.84,-20.0,0.0085,0.0243,-0.0068,0.3,0.25,0.45,0.303,0.702,2,STARLINK
134,4795.93,-115.1,-16.72,0.0643,0.0363,0.012,0.304,0.252,0.444,0.294,0.696,2,STARLINK
135,5000.0,-119.78,-19.05,0.0087,0.028,-0.0083,0.3,0.25,0.45,0.304,0.702,2,STARLINK
136,4832.3,-114.79,-18.48,0.0474,0.0338,0.0058,0.303,0.252,0.445,0.297,0.698,2,STARLINK
137,4908.63,-120.0,-17.49,0.0292,0.0324,-0.0014,0.302,0.251,0.447,0.301,0.7,2,STARLINK
138,5000.0,-120.0,-16.67,0.0278,0.031,-0.0014,0.3,0.25,0.45,0.301,0.7,2,STARLINK
139,4784.97,-119.75,-16.68,0.0479,0.0361,0.0051,0.304,0.252,0.444,0.297,0.698,2,STARLINK
140,5000.0,-118.85,-20.0,0.0043,0.0266,-0.0095,0.3,0.25,0.45,0.305,0.703,2,STARLINK
141,5000.0,-120.0,-20.0,0.0,0.0186,-0.008,0.3,0.25,0.45,0.304,0.702,2,STARLINK
142,4743.36,-120.0,-19.71,0.0251,0.0206,0.002,0.305,0.253,0.442,0.299,0.699,2,STARLINK
143,5000.0,-120.0,-19.95,0.0004,0.0145,-0.006,0.3,0.25,0.45,0.303,0.702,2,STARLINK
144,5000.0,-120.0,-18.96,0.0086,0.0128,-0.0018,0.3,0.25,0.45,0.301,0.701,2,STARLINK
145,5000.0,-117.99,-20.0,0.0075,0.0112,-0.0016,0.3,0.25,0.45,0.301,0.7,2,STARLINK
146,4811.08,-118.54,-18.49,0.035,0.0183,0.0071,0.304,0.252,0.444,0.296,0.698,2,STARLINK
147,4800.21,-120.0,-20.0,0.0177,0.0182,-0.0002,0.304,0.252,0.444,0.3,0.7,2,STARLINK
148,5000.0,-120.0,-20.0,0.0,0.0127,-0.0054,0.3,0.25,0.45,0.303,0.702,2,STARLINK
149,5000.0,-120.0,-20.0,0.0,0.0089,-0.0038,0.3,0.25,0.45,0.302,0.701,2,STARLINK
150,5000.0,-120.0,-20.0,0.0,0.0062,-0.0027,0.3,0.25,0.45,0.301,0.701,2,STARLINK
151,5000.0,-117.13,-20.0,0.0107,0.0076,0.0014,0.3,0.25,0.45,0.299,0.7,2,STARLINK
152,4896.27,-120.0,-20.0,0.0093,0.0081,0.0005,0.302,0.251,0.447,0.3,0.7,2,STARLINK
153,5000.0,-118.49,-17.89,0.0232,0.0126,0.0045,0.3,0.25,0.45,0.298,0.699,2,STARLINK
154,5000.0,-120.0,-20.0,0.0,0.0088,-0.0038,0.3,0.25,0.45,0.302,0.701,2,STARLINK
155,4884.5,-120.0,-14.04,0.0602,0.0242,0.0154,0.302,0.251,0.447,0.292,0.695,2,STARLINK
156,5000.0,-120.0,-19.01,0.0082,0.0194,-0.0048,0.3,0.25,0.45,0.302,0.701,2,STARLINK
157,5000.0,-120.0,-19.63,0.0031,0.0145,-0.0049,0.3,0.25,0.45,0.302,0.701,2,STARLINK
158,4801.38,-120.0,-20.0,0.0176,0.0155,0.0009,0.304,0.252,0.444,0.3,0.7,2,STARLINK
159,5000.0,-120.0,-18.6,0.0117,0.0143,-0.0011,0.3,0.25,0.45,0.301,0.7,2,STARLINK
160,4823.4,-113.77,-20.0,0.0394,0.0218,0.0075,0.304,0.252,0.445,0.296,0.698,2,STARLINK
161,5000.0,-119.89,-19.76,0.0024,0.016,-0.0058,0.3,0.25,0.45,0.303,0.702,2,STARLINK
162,5000.0,-120.0,-14.88,0.0427,0.024,0.008,0.3,0.25,0.45,0.296,0.698,2,STARLINK
163,4826.68,-119.03,-19.15,0.0262,0.0247,0.0007,0.303,0.252,0.445,0.3,0.7,2,STARLINK
164,5000.0,-120.0,-17.7,0.0192,0.023,-0.0017,0.3,0.25,0.45,0.301,0.7,2,STARLINK
165,4995.76,-120.0,-20.0,0.0004,0.0162,-0.0068,0.3,0.25,0.45,0.303,0.702,2,STARLINK
166,5000.0,-118.16,-20.0,0.0069,0.0134,-0.0028,0.3,0.25,0.45,0.301,0.701,2,STARLINK
167,5000.0,-117.73,-16.46,0.038,0.0208,0.0074,0.3,0.25,0.45,0.296,0.698,2,STARLINK
168,4869.03,-120.0,-20.0,0.0117,0.0181,-0.0027,0.303,0.251,0.446,0.301,0.701,2,STARLINK
169,4782.36,-120.0,-15.07,0.0608,0.0309,0.0128,0.304,0.252,0.443,0.294,0.696,2,STARLINK
170,4751.03,-120.0,-17.09,0.0465,0.0356,0.0047,0.305,0.252,0.443,0.298,0.699,2,STARLINK
171,4750.59,-120.0,-19.63,0.0252,0.0325,-0.0031,0.305,0.252,0.443,0.302,0.701,2,STARLINK
172,4849.36,-120.0,-17.83,0.0316,0.0322,-0.0003,0.303,0.252,0.445,0.3,0.7,2,STARLINK
173,4899.53,-115.71,-17.45,0.0465,0.0365,0.0043,0.302,0.251,0.447,0.298,0.699,2,STARLINK
174,4876.75,-114.83,-18.02,0.0472,0.0397,0.0032,0.302,0.251,0.446,0.298,0.699,2,STARLINK
175,4945.68,-120.0,-20.0,0.0049,0.0292,-0.0104,0.301,0.251,0.448,0.305,0.703,2,STARLINK
176,4809.38,-117.91,-20.0,0.0249,0.0279,-0.0013,0.304,0.252,0.444,0.301,0.7,2,STARLINK
177,5000.0,-119.07,-20.0,0.0035,0.0206,-0.0073,0.3,0.25,0.45,0.304,0.702,2,STARLINK
178,4737.8,-110.26,-18.58,0.0724,0.0361,0.0155,0.305,0.253,0.442,0.292,0.695,2,STARLINK
179,5000.0,-116.64,-18.76,0.0229,0.0322,-0.004,0.3,0.25,0.45,0.302,0.701,2,STARLINK
180,4839.3,-120.0,-18.68,0.0254,0.0301,-0.002,0.303,0.252,0.445,0.301,0.701,2,STARLINK
181,4600.06,-120.0,-20.0,0.035,0.0316,0.0015,0.308,0.254,0.438,0.299,0.7,2,STARLINK
182,4550.67,-120.0,-16.54,0.0685,0.0427,0.0111,0.309,0.254,0.437,0.294,0.697,2,STARLINK
183,4765.82,-118.94,-17.37,0.0469,0.0439,0.0013,0.305,0.252,0.443,0.299,0.7,2,STARLINK
184,4641.56,-120.0,-16.73,0.0591,0.0485,0.0046,0.307,0.254,0.439,0.298,0.699,2,STARLINK
185,4763.29,-120.0,-16.42,0.0511,0.0493,0.0008,0.305,0.252,0.443,0.3,0.7,2,STARLINK
186,4707.78,-120.0,-16.58,0.0546,0.0509,0.0016,0.306,0.253,0.441,0.299,0.7,2,STARLINK
187,4605.96,-120.0,-16.72,0.0623,0.0543,0.0034,0.308,0.254,0.438,0.298,0.699,2,STARLINK
188,4469.44,-113.89,-16.96,0.0957,0.0667,0.0124,0.311,0.255,0.434,0.294,0.696,2,STARLINK
189,4348.3,-116.04,-19.41,0.0766,0.0697,0.003,0.313,0.257,0.43,0.299,0.699,2,STARLINK
190,4487.12,-119.01,-16.06,0.0819,0.0734,0.0037,0.31,0.255,0.435,0.298,0.699,2,STARLINK
191,4660.62,-114.9,-17.55,0.0701,0.0724,-0.001,0.307,0.253,0.44,0.3,0.7,2,STARLINK
192,4541.83,-118.87,-16.71,0.0723,0.0724,-0.0,0.309,0.255,0.436,0.3,0.7,2,STARLINK
193,4299.92,-120.0,-18.35,0.0742,0.0729,0.0005,0.314,0.257,0.429,0.3,0.7,2,STARLINK
194,4489.33,-114.42,-19.1,0.0737,0.0731,0.0002,0.31,0.255,0.435,0.3,0.7,2,STARLINK
195,4497.22,-117.39,-14.88,0.0974,0.0804,0.0073,0.31,0.255,0.435,0.296,0.698,2,STARLINK
196,4282.43,-120.0,-15.77,0.0977,0.0856,0.0052,0.314,0.257,0.428,0.297,0.698,2,STARLINK
197,4413.17,-119.4,-15.12,0.0947,0.0884,0.0027,0.312,0.256,0.432,0.299,0.699,2,STARLINK
198,4373.46,-120.0,-16.18,0.0866,0.0878,-0.0005,0.313,0.256,0.431,0.3,0.7,2,STARLINK
199,4167.41,-120.0,-14.94,0.1143,0.0958,0.0079,0.317,0.258,0.425,0.296,0.698,2,STARLINK
200,4366.18,-115.95,-14.32,0.119,0.1027,0.007,0.313,0.256,0.431,0.297,0.698,2,STARLINK
201,4369.8,-113.01,-17.25,0.1051,0.1035,0.0007,0.313,0.256,0.431,0.3,0.7,2,STARLINK
202,4420.85,-120.0,-16.33,0.0814,0.0968,-0.0066,0.312,0.256,0.433,0.303,0.702,2,STARLINK
203,4388.69,-117.09,-17.26,0.0876,0.0941,-0.0028,0.312,0.256,0.432,0.301,0.701,2,STARLINK
204,3995.74,-119.85,-14.84,0.1296,0.1047,0.0107,0.32,0.26,0.42,0.295,0.697,2,STARLINK
205,4033.02,-119.44,-14.82,0.1285,0.1119,0.0071,0.319,0.26,0.421,0.296,0.698,2,STARLINK
206,4221.79,-120.0,-14.89,0.1103,0.1114,-0.0005,0.316,0.258,0.427,0.3,0.7,2,STARLINK
207,4191.99,-120.0,-16.11,0.1023,0.1087,-0.0027,0.316,0.258,0.426,0.301,0.701,2,STARLINK
208,4162.11,-118.13,-12.46,0.1435,0.1191,0.0105,0.317,0.258,0.425,0.295,0.697,2,STARLINK
209,4632.24,-120.0,-19.58,0.0358,0.0941,-0.025,0.307,0.254,0.439,0.312,0.707,2,STARLINK
210,4108.99,-117.35,-15.03,0.1289,0.1046,0.0104,0.318,0.259,0.423,0.295,0.697,2,STARLINK
211,4162.28,-118.43,-15.85,0.1131,0.1071,0.0026,0.317,0.258,0.425,0.299,0.699,2,STARLINK
212,4103.19,-118.86,-11.73,0.1518,0.1205,0.0134,0.318,0.259,0.423,0.293,0.696,2,STARLINK
213,4025.51,-120.0,-13.76,0.136,0.1252,0.0046,0.319,0.26,0.421,0.298,0.699,2,STARLINK
214,3847.79,-119.27,-11.02,0.1769,0.1407,0.0155,0.323,0.262,0.415,0.292,0.695,2,STARLINK
215,3975.77,-115.58,-16.83,0.1311,0.1378,-0.0029,0.32,0.26,0.419,0.301,0.701,2,STARLINK
216,3712.42,-115.7,-11.74,0.1958,0.1552,0.0174,0.326,0.263,0.411,0.291,0.695,2,STARLINK
217,3758.82,-120.0,-10.77,0.1832,0.1636,0.0084,0.325,0.262,0.413,0.296,0.697,2,STARLINK
218,3687.12,-116.84,-11.96,0.1912,0.1719,0.0083,0.326,0.263,0.411,0.296,0.698,2,STARLINK
219,3737.36,-115.01,-10.29,0.2093,0.1831,0.0112,0.325,0.263,0.412,0.294,0.697,2,STARLINK
220,4037.03,-120.0,-15.26,0.1222,0.1648,-0.0183,0.319,0.26,0.421,0.309,0.705,2,STARLINK
221,3374.09,-114.68,-7.43,0.2642,0.1946,0.0298,0.333,0.266,0.401,0.285,0.691,2,STARLINK
222,3721.06,-119.21,-7.73,0.216,0.201,0.0064,0.326,0.263,0.412,0.297,0.698,2,STARLINK
223,3339.76,-114.5,-10.76,0.2379,0.2121,0.011,0.333,0.267,0.4,0.294,0.697,2,STARLINK
224,3474.02,-118.87,-11.74,0.2011,0.2088,-0.0033,0.331,0.265,0.404,0.302,0.701,2,STARLINK
225,3670.91,-120.0,-9.12,0.2045,0.2075,-0.0013,0.327,0.263,0.41,0.301,0.7,2,STARLINK
226,3479.57,-120.0,-7.72,0.2315,0.2147,0.0072,0.33,0.265,0.404,0.296,0.698,2,STARLINK
227,3270.25,-115.87,-10.67,0.2382,0.2218,0.007,0.335,0.267,0.398,0.296,0.698,2,STARLINK
228,3286.23,-115.28,-10.56,0.2404,0.2274,0.0056,0.334,0.267,0.399,0.297,0.698,2,STARLINK
229,3456.69,-119.25,-11.3,0.2047,0.2205,-0.0068,0.331,0.265,0.404,0.303,0.702,2,STARLINK
230,3206.06,-113.91,-11.93,0.2398,0.2263,0.0058,0.336,0.268,0.396,0.297,0.698,2,STARLINK
231,3308.58,-120.0,-11.69,0.209,0.2211,-0.0052,0.334,0.267,0.399,0.303,0.702,2,STARLINK
232,3243.08,-116.13,-11.47,0.2319,0.2244,0.0032,0.335,0.268,0.397,0.298,0.699,2,STARLINK
233,3098.28,-119.14,-10.13,0.2416,0.2295,0.0052,0.338,0.269,0.393,0.297,0.698,2,STARLINK
234,3477.03,-118.54,-10.93,0.2093,0.2235,-0.0061,0.33,0.265,0.404,0.303,0.702,2,STARLINK
235,3209.6,-115.7,-8.79,0.2601,0.2345,0.011,0.336,0.268,0.396,0.295,0.697,2,STARLINK
236,2769.47,-117.03,-3.52,0.3333,0.2641,0.0296,0.345,0.272,0.383,0.285,0.691,2,STARLINK
237,3059.6,-116.54,-10.35,0.2533,0.2609,-0.0032,0.339,0.269,0.392,0.302,0.701,2,STARLINK
238,2890.43,-111.84,-5.37,0.3303,0.2817,0.0208,0.342,0.271,0.387,0.29,0.694,2,STARLINK
239,3075.29,-117.17,-8.88,0.2628,0.276,-0.0057,0.338,0.269,0.392,0.303,0.702,2,STARLINK
240,2785.94,-112.0,-6.81,0.3239,0.2904,0.0144,0.344,0.272,0.384,0.293,0.696,2,STARLINK
241,2844.69,-118.09,-5.72,0.3036,0.2943,0.004,0.343,0.272,0.385,0.298,0.699,2,STARLINK
242,2894.42,-113.28,-9.61,0.2855,0.2917,-0.0026,0.342,0.271,0.387,0.301,0.701,2,STARLINK
243,2904.98,-110.58,-6.67,0.3229,0.3011,0.0094,0.342,0.271,0.387,0.295,0.697,2,STARLINK
244,2551.22,-120.0,-4.97,0.3219,0.3073,0.0062,0.349,0.274,0.377,0.297,0.698,2,STARLINK
245,2636.94,-116.38,-4.84,0.3332,0.3151,0.0078,0.347,0.274,0.379,0.296,0.698,2,STARLINK
246,2571.42,-112.02,-4.85,0.3564,0.3275,0.0124,0.349,0.274,0.377,0.294,0.696,2,STARLINK
247,2499.92,-114.1,-0.09,0.3958,0.348,0.0205,0.35,0.275,0.375,0.29,0.694,2,STARLINK
248,2817.71,-113.5,-8.18,0.3028,0.3344,-0.0135,0.344,0.272,0.385,0.307,0.704,2,STARLINK
249,2568.33,-115.56,-6.47,0.3264,0.332,-0.0024,0.349,0.274,0.377,0.301,0.701,2,STARLINK
250,2272.86,-112.34,-4.88,0.3745,0.3448,0.0127,0.355,0.277,0.368,0.294,0.696,2,STARLINK
251,2553.81,-114.16,-6.43,0.3338,0.3415,-0.0033,0.349,0.274,0.377,0.302,0.701,2,STARLINK
252,2688.33,-110.67,-7.4,0.331,0.3384,-0.0031,0.346,0.273,0.381,0.302,0.701,2,STARLINK
253,2478.49,-112.65,-2.49,0.3816,0.3513,0.013,0.35,0.275,0.374,0.294,0.696,2,STARLINK
254,2049.07,-110.61,0.55,0.4469,0.38,0.0287,0.359,0.28,0.361,0.286,0.691,2,STARLINK
255,2157.44,-113.34,-4.09,0.3847,0.3814,0.0014,0.357,0.278,0.365,0.299,0.7,2,STARLINK
256,2372.97,-114.46,-5.9,0.3492,0.3718,-0.0097,0.353,0.276,0.371,0.305,0.703,2,STARLINK
257,2029.4,-112.83,-1.23,0.4216,0.3867,0.0149,0.359,0.28,0.361,0.293,0.696,2,STARLINK
258,2154.5,-110.91,-4.03,0.3963,0.3896,0.0029,0.357,0.278,0.365,0.299,0.699,2,STARLINK
259,2156.28,-113.37,-1.67,0.4071,0.3948,0.0053,0.357,0.278,0.365,0.297,0.698,2,STARLINK
260,1852.97,-109.81,-0.71,0.451,0.4117,0.0168,0.363,0.281,0.356,0.292,0.695,2,STARLINK
261,1934.78,-104.86,-4.64,0.4316,0.4177,0.006,0.361,0.281,0.358,0.297,0.698,2,STARLINK
262,1409.01,-105.5,4.64,0.5481,0.4568,0.0391,0.372,0.286,0.342,0.28,0.688,2,STARLINK
263,1692.82,-110.81,3.43,0.4952,0.4683,0.0115,0.366,0.283,0.351,0.294,0.697,2,STARLINK
264,1759.68,-106.59,-1.78,0.4613,0.4662,-0.0021,0.365,0.282,0.353,0.301,0.701,2,STARLINK
265,1561.27,-110.3,-0.14,0.4715,0.4678,0.0016,0.369,0.284,0.347,0.299,0.7,2,STARLINK
266,1943.99,-117.24,-1.09,0.4083,0.4499,-0.0179,0.361,0.281,0.358,0.309,0.705,2,STARLINK
267,1435.1,-111.31,2.06,0.495,0.4634,0.0135,0.371,0.286,0.343,0.293,0.696,2,STARLINK
268,1533.93,-114.52,2.11,0.475,0.4669,0.0035,0.369,0.285,0.346,0.298,0.699,2,STARLINK
269,1569.69,-110.18,4.6,0.5165,0.4818,0.0149,0.369,0.284,0.347,0.293,0.696,2,STARLINK
270,1716.24,-109.9,-0.65,0.4594,0.4751,-0.0067,0.366,0.283,0.351,0.303,0.702,2,STARLINK
271,1234.47,-101.84,1.0,0.5404,0.4947,0.0196,0.375,0.288,0.337,0.29,0.694,2,STARLINK
272,1573.97,-108.17,-2.2,0.4611,0.4846,-0.0101,0.369,0.284,0.347,0.305,0.703,2,STARLINK
273,1350.52,-108.37,0.44,0.4979,0.4886,0.004,0.373,0.286,0.341,0.298,0.699,2,STARLINK
274,1151.1,-103.72,3.03,0.5557,0.5087,0.0201,0.377,0.288,0.335,0.29,0.694,2,STARLINK
275,1316.84,-114.11,5.69,0.5232,0.5131,0.0044,0.374,0.287,0.34,0.298,0.699,2,STARLINK
276,1226.44,-106.1,1.61,0.5267,0.5171,0.0041,0.375,0.288,0.337,0.298,0.699,2,STARLINK
277,1055.47,-103.08,4.11,0.5744,0.5343,0.0172,0.379,0.289,0.332,0.291,0.695,2,STARLINK
278,1104.78,-110.26,3.34,0.5303,0.5331,-0.0012,0.378,0.289,0.333,0.301,0.7,2,STARLINK
279,985.19,-101.32,6.47,0.6094,0.556,0.0229,0.38,0.29,0.33,0.289,0.693,2,STARLINK
280,1008.58,-103.96,9.0,0.6201,0.5752,0.0192,0.38,0.29,0.33,0.29,0.694,2,STARLINK
281,1039.32,-106.5,2.7,0.5455,0.5663,-0.0089,0.379,0.29,0.331,0.304,0.703,2,STARLINK
282,1126.26,-104.11,2.26,0.5479,0.5608,-0.0055,0.377,0.289,0.334,0.303,0.702,2,STARLINK
283,650.93,-94.05,8.18,0.6792,0.5963,0.0355,0.387,0.293,0.32,0.282,0.689,2,STARLINK
284,1104.72,-105.28,4.74,0.5673,0.5876,-0.0087,0.378,0.289,0.333,0.304,0.703,2,STARLINK
285,440.03,-96.45,10.0,0.6964,0.6202,0.0326,0.391,0.296,0.313,0.284,0.69,2,STARLINK
286,658.07,-102.34,7.22,0.6293,0.6229,0.0027,0.387,0.293,0.32,0.299,0.699,2,STARLINK
287,717.0,-104.32,4.98,0.5948,0.6145,-0.0084,0.386,0.293,0.322,0.304,0.703,2,STARLINK
288,618.75,-97.9,7.47,0.6553,0.6267,0.0122,0.388,0.294,0.319,0.294,0.696,2,STARLINK
289,430.98,-99.57,9.63,0.678,0.6421,0.0154,0.391,0.296,0.313,0.292,0.695,2,STARLINK
290,440.89,-97.0,9.0,0.6838,0.6546,0.0125,0.391,0.296,0.313,0.294,0.696,2,STARLINK
291,345.84,-96.37,8.94,0.6911,0.6656,0.0109,0.393,0.297,0.31,0.295,0.697,2,STARLINK
292,279.01,-91.49,10.0,0.7289,0.6846,0.019,0.394,0.297,0.308,0.29,0.694,2,STARLINK
293,442.44,-96.24,9.68,0.6942,0.6875,0.0029,0.391,0.296,0.313,0.299,0.699,2,STARLINK
294,316.11,-90.98,10.0,0.7296,0.7001,0.0126,0.394,0.297,0.309,0.294,0.696,0,LORA
295,106.14,-85.43,10.0,0.7676,0.7203,0.0203,0.398,0.299,0.303,0.29,0.694,0,LORA
296,292.52,-94.18,7.91,0.6943,0.7125,-0.0078,0.394,0.297,0.309,0.304,0.702,0,LORA
297,151.16,-90.13,9.39,0.7359,0.7195,0.007,0.397,0.298,0.305,0.296,0.698,0,LORA
298,174.46,-89.87,10.0,0.7422,0.7263,0.0068,0.397,0.298,0.305,0.297,0.698,0,LORA
299,94.44,-81.68,7.8,0.7649,0.7379,0.0116,0.398,0.299,0.303,0.294,0.697,0,LORA
