time,seq_num,distance_m,RSSI_dBm,SNR_dB,RSSI_norm,SNR_norm,D_norm,P_LoRa,state,state_label,packet_sent,packet_received,packet_status
0,47,50.0,-83.0,22.0,0.4111,1.0,0.99,0.705,1,SWITCHING,1,1,OK
1,48,50.0,-77.0,27.0,0.4778,1.0,0.99,0.738,1,SWITCHING,1,1,OK
2,49,60.0,-94.0,10.0,0.2889,1.0,0.988,0.644,1,SWITCHING,1,1,OK
3,50,60.0,-94.0,10.0,0.2889,1.0,0.988,0.644,1,SWITCHING,1,1,OK
4,51,60.0,-84.0,20.0,0.4,1.0,0.988,0.699,1,SWITCHING,1,1,OK
5,52,60.0,-90.0,14.0,0.3333,1.0,0.988,0.666,1,SWITCHING,1,1,OK
6,53,60.0,-96.0,8.0,0.2667,0.9333,0.988,0.613,1,SWITCHING,1,1,OK
7,54,60.0,-97.0,7.0,0.2556,0.9,0.988,0.597,1,SWITCHING,1,1,OK
8,55,60.0,-102.0,2.0,0.2,0.7333,0.988,0.519,1,SWITCHING,1,1,OK
9,56,60.0,-86.0,7.0,0.3778,0.9,0.988,0.658,1,SWITCHING,1,1,OK
10,57,60.0,-91.0,2.0,0.3222,0.7333,0.988,0.58,1,SWITCHING,1,1,OK
11,58,60.0,-92.0,1.0,0.3111,0.7,0.988,0.565,1,SWITCHING,1,1,OK
12,59,60.0,-96.0,-3.0,0.2667,0.5667,0.988,0.502,1,SWITCHING,1,1,OK
13,60,60.0,-99.0,-6.0,0.2333,0.4667,0.988,0.456,1,SWITCHING,1,1,OK
14,61,60.0,-101.0,-8.0,0.2111,0.4,0.988,0.425,1,SWITCHING,1,1,OK
15,62,60.0,-89.0,4.0,0.3444,0.8,0.988,0.611,1,SWITCHING,1,1,OK
16,63,60.0,-97.0,31.0,0.2556,1.0,0.988,0.627,1,SWITCHING,1,1,OK
17,64,60.0,-96.0,32.0,0.2667,1.0,0.988,0.632,1,SWITCHING,1,1,OK
18,65,70.0,-93.0,35.0,0.3,1.0,0.986,0.649,1,SWITCHING,1,1,OK
19,66,70.0,-100.0,28.0,0.2222,1.0,0.986,0.61,1,SWITCHING,1,1,OK
20,67,70.0,-94.0,34.0,0.2889,1.0,0.986,0.644,1,SWITCHING,1,1,OK
21,68,70.0,-89.0,39.0,0.3444,1.0,0.986,0.671,1,SWITCHING,1,1,OK
22,69,70.0,-95.0,33.0,0.2778,1.0,0.986,0.638,1,SWITCHING,1,1,OK
23,70,70.0,-94.0,-5.0,0.2889,0.5,0.986,0.494,1,SWITCHING,1,1,OK
24,71,70.0,-75.0,14.0,0.5,1.0,0.986,0.749,1,SWITCHING,1,1,OK
25,72,70.0,-83.0,6.0,0.4111,0.8667,0.986,0.665,1,SWITCHING,1,1,OK
26,73,70.0,-78.0,11.0,0.4667,1.0,0.986,0.732,1,SWITCHING,1,1,OK
27,74,70.0,-80.0,9.0,0.4444,0.9667,0.986,0.711,1,SWITCHING,1,1,OK
28,75,70.0,-81.0,8.0,0.4333,0.9333,0.986,0.696,1,SWITCHING,1,1,OK
29,76,70.0,-75.0,14.0,0.5,1.0,0.986,0.749,1,SWITCHING,1,1,OK
30,77,70.0,-82.0,23.0,0.4222,1.0,0.986,0.71,1,SWITCHING,1,1,OK
31,78,70.0,-77.0,28.0,0.4778,1.0,0.986,0.738,1,SWITCHING,1,1,OK
32,79,70.0,-84.0,21.0,0.4,1.0,0.986,0.699,1,SWITCHING,1,1,OK
33,80,70.0,-79.0,26.0,0.4556,1.0,0.986,0.727,1,SWITCHING,1,1,OK
34,81,70.0,-89.0,16.0,0.3444,1.0,0.986,0.671,1,SWITCHING,1,1,OK
35,82,70.0,-88.0,17.0,0.3556,1.0,0.986,0.677,1,SWITCHING,1,1,OK
36,83,70.0,-84.0,21.0,0.4,1.0,0.986,0.699,1,SWITCHING,1,1,OK
37,84,70.0,-86.0,18.0,0.3778,1.0,0.986,0.688,1,SWITCHING,1,1,OK
38,85,70.0,-80.0,24.0,0.4444,1.0,0.986,0.721,1,SWITCHING,1,1,OK
39,86,70.0,-95.0,9.0,0.2778,0.9667,0.986,0.628,1,SWITCHING,1,1,OK
40,87,70.0,-87.0,17.0,0.3667,1.0,0.986,0.682,1,SWITCHING,1,1,OK
41,88,70.0,-90.0,14.0,0.3333,1.0,0.986,0.666,1,SWITCHING,1,1,OK
42,89,70.0,-96.0,8.0,0.2667,0.9333,0.986,0.612,1,SWITCHING,1,1,OK
43,90,70.0,-92.0,12.0,0.3111,1.0,0.986,0.655,1,SWITCHING,1,1,OK
44,91,70.0,-81.0,23.0,0.4333,1.0,0.986,0.716,1,SWITCHING,1,1,OK
45,92,70.0,-87.0,17.0,0.3667,1.0,0.986,0.682,1,SWITCHING,1,1,OK
46,93,70.0,-83.0,21.0,0.4111,1.0,0.986,0.705,1,SWITCHING,1,1,OK
47,94,70.0,-88.0,16.0,0.3556,1.0,0.986,0.677,1,SWITCHING,1,1,OK
48,95,70.0,-88.0,16.0,0.3556,1.0,0.986,0.677,1,SWITCHING,1,1,OK
49,96,70.0,-81.0,23.0,0.4333,1.0,0.986,0.716,1,SWITCHING,1,1,OK
50,97,70.0,-99.0,5.0,0.2333,0.8333,0.986,0.566,1,SWITCHING,1,1,OK
51,98,70.0,-93.0,11.0,0.3,1.0,0.986,0.649,1,SWITCHING,1,1,OK
52,99,70.0,-99.0,-14.0,0.2333,0.2,0.986,0.376,1,SWITCHING,1,1,OK
53,100,70.0,-99.0,-14.0,0.2333,0.2,0.986,0.376,1,SWITCHING,1,1,OK
54,101,70.0,-98.0,-13.0,0.2444,0.2333,0.986,0.391,1,SWITCHING,1,1,OK
55,102,70.0,-99.0,-14.0,0.2333,0.2,0.986,0.376,1,SWITCHING,1,1,OK
56,103,80.0,-100.0,-15.0,0.2222,0.1667,0.984,0.36,1,SWITCHING,1,1,OK
57,104,80.0,-103.0,-18.0,0.1889,0.0667,0.984,0.313,1,SWITCHING,1,1,OK
58,105,80.0,-103.0,-18.0,0.1889,0.0667,0.984,0.313,1,SWITCHING,1,1,OK
59,106,80.0,-98.0,30.0,0.2444,1.0,0.984,0.621,1,SWITCHING,1,1,OK
60,107,80.0,-104.0,24.0,0.1778,1.0,0.984,0.588,1,SWITCHING,1,1,OK
61,108,80.0,-103.0,25.0,0.1889,1.0,0.984,0.593,1,SWITCHING,1,1,OK
62,109,80.0,-102.0,26.0,0.2,1.0,0.984,0.599,1,SWITCHING,1,1,OK
63,110,80.0,-103.0,25.0,0.1889,1.0,0.984,0.593,1,SWITCHING,1,1,OK
64,111,80.0,-103.0,25.0,0.1889,1.0,0.984,0.593,1,SWITCHING,1,1,OK
65,112,80.0,-103.0,-1.0,0.1889,0.6333,0.984,0.483,1,SWITCHING,1,1,OK
66,113,80.0,-99.0,3.0,0.2333,0.7667,0.984,0.546,1,SWITCHING,1,1,OK
67,114,80.0,-98.0,4.0,0.2444,0.8,0.984,0.561,1,SWITCHING,1,1,OK
68,115,80.0,-100.0,2.0,0.2222,0.7333,0.984,0.53,1,SWITCHING,1,1,OK
69,116,90.0,-103.0,-1.0,0.1889,0.6333,0.982,0.483,1,SWITCHING,1,1,OK
70,117,90.0,-102.0,0.0,0.2,0.6667,0.982,0.499,1,SWITCHING,1,1,OK
71,118,90.0,-99.0,5.0,0.2333,0.8333,0.982,0.566,1,SWITCHING,1,1,OK
72,119,90.0,-103.0,1.0,0.1889,0.7,0.982,0.503,1,SWITCHING,1,1,OK
73,120,90.0,-103.0,1.0,0.1889,0.7,0.982,0.503,1,SWITCHING,1,1,OK
74,121,90.0,-100.0,4.0,0.2222,0.8,0.982,0.55,1,SWITCHING,1,1,OK
75,122,90.0,-99.0,5.0,0.2333,0.8333,0.982,0.566,1,SWITCHING,1,1,OK
76,123,90.0,-102.0,2.0,0.2,0.7333,0.982,0.519,1,SWITCHING,1,1,OK
77,124,90.0,-100.0,4.0,0.2222,0.8,0.982,0.55,1,SWITCHING,1,1,OK
78,125,90.0,-102.0,1.0,0.2,0.7,0.982,0.509,1,SWITCHING,1,1,OK
79,126,90.0,-94.0,9.0,0.2889,0.9667,0.982,0.633,1,SWITCHING,1,1,OK
80,127,90.0,-97.0,6.0,0.2556,0.8667,0.982,0.587,1,SWITCHING,1,1,OK
81,128,90.0,-102.0,1.0,0.2,0.7,0.982,0.509,1,SWITCHING,1,1,OK
82,129,90.0,-97.0,6.0,0.2556,0.8667,0.982,0.587,1,SWITCHING,1,1,OK
83,130,90.0,-96.0,7.0,0.2667,0.9,0.982,0.602,1,SWITCHING,1,1,OK
84,131,90.0,-90.0,13.0,0.3333,1.0,0.982,0.665,1,SWITCHING,1,1,OK
85,132,90.0,-94.0,34.0,0.2889,1.0,0.982,0.643,1,SWITCHING,1,1,OK
86,133,90.0,-94.0,34.0,0.2889,1.0,0.982,0.643,1,SWITCHING,1,1,OK
87,134,90.0,-101.0,27.0,0.2111,1.0,0.982,0.604,1,SWITCHING,1,1,OK
88,135,90.0,-93.0,35.0,0.3,1.0,0.982,0.649,1,SWITCHING,1,1,OK
89,136,90.0,-95.0,33.0,0.2778,1.0,0.982,0.638,1,SWITCHING,1,1,OK
90,137,90.0,-96.0,32.0,0.2667,1.0,0.982,0.632,1,SWITCHING,1,1,OK
91,138,90.0,-92.0,36.0,0.3111,1.0,0.982,0.654,1,SWITCHING,1,1,OK
92,139,90.0,-93.0,-3.0,0.3,0.5667,0.982,0.519,1,SWITCHING,1,1,OK
93,140,90.0,-94.0,-4.0,0.2889,0.5333,0.982,0.503,1,SWITCHING,1,1,OK
94,141,90.0,-95.0,-5.0,0.2778,0.5,0.982,0.488,1,SWITCHING,1,1,OK
95,142,90.0,-91.0,-1.0,0.3222,0.6333,0.982,0.55,1,SWITCHING,1,1,OK
96,143,90.0,-88.0,2.0,0.3556,0.7333,0.982,0.597,1,SWITCHING,1,1,OK
97,144,90.0,-85.0,5.0,0.3889,0.8333,0.982,0.643,1,SWITCHING,1,1,OK
98,145,90.0,-102.0,-12.0,0.2,0.2667,0.982,0.379,1,SWITCHING,1,1,OK
99,146,80.0,-91.0,37.0,0.3222,1.0,0.984,0.66,1,SWITCHING,1,1,OK
100,147,80.0,-97.0,31.0,0.2556,1.0,0.984,0.627,1,SWITCHING,1,1,OK
101,148,80.0,-93.0,35.0,0.3,1.0,0.984,0.649,1,SWITCHING,1,1,OK
102,149,80.0,-100.0,28.0,0.2222,1.0,0.984,0.61,1,SWITCHING,1,1,OK
103,150,80.0,-100.0,28.0,0.2222,1.0,0.984,0.61,1,SWITCHING,1,1,OK
104,151,80.0,-101.0,27.0,0.2111,1.0,0.984,0.604,1,SWITCHING,1,1,OK
105,152,90.0,-95.0,4.0,0.2778,0.8,0.982,0.578,1,SWITCHING,1,1,OK
106,153,90.0,-97.0,2.0,0.2556,0.7333,0.982,0.547,1,SWITCHING,1,1,OK
107,154,90.0,-94.0,5.0,0.2889,0.8333,0.982,0.593,1,SWITCHING,1,1,OK
108,155,90.0,-100.0,-1.0,0.2222,0.6333,0.982,0.5,1,SWITCHING,1,1,OK
109,156,90.0,-89.0,10.0,0.3444,1.0,0.982,0.671,1,SWITCHING,1,1,OK
110,157,90.0,-101.0,-2.0,0.2111,0.6,0.982,0.484,1,SWITCHING,1,1,OK
111,158,90.0,-100.0,-1.0,0.2222,0.6333,0.982,0.5,1,SWITCHING,1,1,OK
112,159,90.0,-99.0,0.0,0.2333,0.6667,0.982,0.515,1,SWITCHING,1,1,OK
113,160,90.0,-99.0,0.0,0.2333,0.6667,0.982,0.515,1,SWITCHING,1,1,OK
114,161,90.0,-100.0,-1.0,0.2222,0.6333,0.982,0.5,1,SWITCHING,1,1,OK
115,162,90.0,-100.0,-1.0,0.2222,0.6333,0.982,0.5,1,SWITCHING,1,1,OK
116,163,90.0,-98.0,1.0,0.2444,0.7,0.982,0.531,1,SWITCHING,1,1,OK
117,164,90.0,-97.0,2.0,0.2556,0.7333,0.982,0.546,1,SWITCHING,1,1,OK
118,165,90.0,-99.0,-1.0,0.2333,0.6333,0.982,0.505,1,SWITCHING,1,1,OK
119,166,90.0,-92.0,6.0,0.3111,0.8667,0.982,0.614,1,SWITCHING,1,1,OK
120,167,110.0,-102.0,-4.0,0.2,0.5333,0.978,0.459,1,SWITCHING,1,1,OK
121,168,110.0,-97.0,1.0,0.2556,0.7,0.978,0.536,1,SWITCHING,1,1,OK
122,169,110.0,-92.0,6.0,0.3111,0.8667,0.978,0.614,1,SWITCHING,1,1,OK
123,170,110.0,-97.0,1.0,0.2556,0.7,0.978,0.536,1,SWITCHING,1,1,OK
124,171,110.0,-99.0,-1.0,0.2333,0.6333,0.978,0.505,1,SWITCHING,1,1,OK
125,172,110.0,-96.0,2.0,0.2667,0.7333,0.978,0.552,1,SWITCHING,1,1,OK
126,173,110.0,-99.0,-1.0,0.2333,0.6333,0.978,0.505,1,SWITCHING,1,1,OK
127,174,110.0,-102.0,-4.0,0.2,0.5333,0.978,0.459,1,SWITCHING,1,1,OK
128,175,120.0,-98.0,0.0,0.2444,0.6667,0.976,0.521,1,SWITCHING,1,1,OK
129,176,120.0,-101.0,-3.0,0.2111,0.5667,0.976,0.474,1,SWITCHING,1,1,OK
130,177,120.0,-99.0,-1.0,0.2333,0.6333,0.976,0.505,1,SWITCHING,1,1,OK
131,178,120.0,-103.0,-5.0,0.1889,0.5,0.976,0.443,1,SWITCHING,1,1,OK
132,179,120.0,-102.0,-4.0,0.2,0.5333,0.976,0.458,1,SWITCHING,1,1,OK
133,180,120.0,-98.0,4.0,0.2444,0.8,0.976,0.561,1,SWITCHING,1,1,OK
134,181,120.0,-102.0,0.0,0.2,0.6667,0.976,0.498,1,SWITCHING,1,1,OK
135,182,120.0,-102.0,0.0,0.2,0.6667,0.976,0.498,1,SWITCHING,1,1,OK
136,183,120.0,-102.0,0.0,0.2,0.6667,0.976,0.498,1,SWITCHING,1,1,OK
137,184,120.0,-100.0,2.0,0.2222,0.7333,0.976,0.529,1,SWITCHING,1,1,OK
138,185,120.0,-100.0,2.0,0.2222,0.7333,0.976,0.529,1,SWITCHING,1,1,OK
139,186,120.0,-102.0,0.0,0.2,0.6667,0.976,0.498,1,SWITCHING,1,1,OK
140,187,120.0,-101.0,1.0,0.2111,0.7,0.976,0.514,1,SWITCHING,1,1,OK
141,188,120.0,-104.0,-19.0,0.1778,0.0333,0.976,0.297,2,STARLINK,1,1,OK
142,189,50.0,-88.0,15.0,0.3556,1.0,0.99,0.677,1,SWITCHING,1,0,LOST
143,190,50.0,-92.0,12.0,0.3111,1.0,0.99,0.655,1,SWITCHING,1,0,LOST
144,191,50.0,-77.0,27.0,0.4778,1.0,0.99,0.738,1,SWITCHING,1,0,LOST
145,192,50.0,-79.0,25.0,0.4556,1.0,0.99,0.727,1,SWITCHING,1,0,LOST
146,193,50.0,-89.0,15.0,0.3444,1.0,0.99,0.671,1,SWITCHING,1,0,LOST
147,194,50.0,-89.0,15.0,0.3444,1.0,0.99,0.671,1,SWITCHING,1,0,LOST
148,195,50.0,-84.0,20.0,0.4,1.0,0.99,0.699,1,SWITCHING,1,0,LOST
149,196,50.0,-75.0,29.0,0.5,1.0,0.99,0.749,1,SWITCHING,1,0,LOST
150,197,40.0,-77.0,27.0,0.4778,1.0,0.992,0.738,1,SWITCHING,1,0,LOST
151,198,40.0,-84.0,19.0,0.4,1.0,0.992,0.7,1,SWITCHING,1,0,LOST
152,199,40.0,-72.0,31.0,0.5333,1.0,0.992,0.766,0,LORA,1,0,LOST
153,200,40.0,-74.0,29.0,0.5111,1.0,0.992,0.755,0,LORA,1,0,LOST
154,201,40.0,-77.0,26.0,0.4778,1.0,0.992,0.738,1,SWITCHING,1,0,LOST
155,202,40.0,-74.0,29.0,0.5111,1.0,0.992,0.755,0,LORA,1,0,LOST
156,203,40.0,-71.0,32.0,0.5444,1.0,0.992,0.772,0,LORA,1,0,LOST
157,204,40.0,-70.0,33.0,0.5556,1.0,0.992,0.777,0,LORA,1,0,LOST
158,205,20.0,-70.0,33.0,0.5556,1.0,0.996,0.777,0,LORA,1,0,LOST
159,206,20.0,-84.0,19.0,0.4,1.0,0.996,0.7,1,SWITCHING,1,0,LOST
160,207,20.0,-96.0,7.0,0.2667,0.9,0.996,0.603,1,SWITCHING,1,0,LOST
161,208,20.0,-84.0,19.0,0.4,1.0,0.996,0.7,1,SWITCHING,1,0,LOST
162,209,20.0,-88.0,15.0,0.3556,1.0,0.996,0.677,1,SWITCHING,1,0,LOST
163,210,20.0,-97.0,6.0,0.2556,0.8667,0.996,0.588,1,SWITCHING,1,0,LOST
164,211,20.0,-86.0,17.0,0.3778,1.0,0.996,0.689,1,SWITCHING,1,0,LOST
165,212,20.0,-89.0,14.0,0.3444,1.0,0.996,0.672,1,SWITCHING,1,0,LOST
166,213,20.0,-103.0,1.0,0.1889,0.7,0.996,0.504,1,SWITCHING,1,0,LOST
167,214,20.0,-89.0,15.0,0.3444,1.0,0.996,0.672,1,SWITCHING,1,0,LOST
168,215,20.0,-97.0,7.0,0.2556,0.9,0.996,0.598,1,SWITCHING,1,0,LOST
169,216,20.0,-91.0,13.0,0.3222,1.0,0.996,0.661,1,SWITCHING,1,0,LOST
170,217,20.0,-92.0,12.0,0.3111,1.0,0.996,0.655,1,SWITCHING,1,0,LOST
171,218,20.0,-77.0,27.0,0.4778,1.0,0.996,0.739,1,SWITCHING,1,0,LOST
172,219,20.0,-78.0,26.0,0.4667,1.0,0.996,0.733,1,SWITCHING,1,0,LOST
173,220,20.0,-86.0,18.0,0.3778,1.0,0.996,0.689,1,SWITCHING,1,0,LOST
174,221,30.0,-88.0,16.0,0.3556,1.0,0.994,0.677,1,SWITCHING,1,0,LOST
175,222,30.0,-87.0,17.0,0.3667,1.0,0.994,0.683,1,SWITCHING,1,0,LOST
176,223,30.0,-82.0,22.0,0.4222,1.0,0.994,0.711,1,SWITCHING,1,0,LOST
177,224,30.0,-80.0,24.0,0.4444,1.0,0.994,0.722,1,SWITCHING,1,0,LOST
178,225,30.0,-84.0,20.0,0.4,1.0,0.994,0.7,1,SWITCHING,1,0,LOST
179,226,30.0,-95.0,9.0,0.2778,0.9667,0.994,0.628,1,SWITCHING,1,0,LOST
180,227,30.0,-91.0,13.0,0.3222,1.0,0.994,0.661,1,SWITCHING,1,0,LOST
181,228,30.0,-78.0,26.0,0.4667,1.0,0.994,0.733,1,SWITCHING,1,0,LOST
182,229,30.0,-79.0,25.0,0.4556,1.0,0.994,0.727,1,SWITCHING,1,0,LOST
183,230,10.0,-12.0,93.0,1.0,1.0,0.998,1.0,0,LORA,1,0,LOST
184,231,10.0,-22.0,83.0,1.0,1.0,0.998,1.0,0,LORA,1,0,LOST
185,232,10.0,-29.0,74.0,1.0,1.0,0.998,1.0,0,LORA,1,0,LOST
186,233,10.0,-25.0,78.0,1.0,1.0,0.998,1.0,0,LORA,1,0,LOST
187,234,10.0,-33.0,70.0,0.9667,1.0,0.998,0.983,0,LORA,1,0,LOST
188,235,10.0,-29.0,74.0,1.0,1.0,0.998,1.0,0,LORA,1,0,LOST
189,236,10.0,-24.0,79.0,1.0,1.0,0.998,1.0,0,LORA,1,0,LOST
