timestamp,seq_num,distance_m,RSSI_dBm,SNR_dB,P_LoRa,state_label,packet_sent,packet_received,packet_status,radiation_wm2
2026-06-01 17:08:46,1,6.6,-23.0,81.0,0.9999,LORA,1,0,LOST,1.0
2026-06-01 17:08:48,2,6.6,-25.0,79.0,0.9999,LORA,2,0,LOST,1.0
2026-06-01 17:08:50,3,6.6,-24.0,80.0,0.9999,LORA,3,0,LOST,1.0
2026-06-01 17:08:52,4,6.6,-25.0,79.0,0.9999,LORA,4,0,LOST,1.0
2026-06-01 17:08:54,5,6.6,-25.0,79.0,0.9999,LORA,5,0,LOST,1.0
2026-06-01 17:08:56,6,6.6,-24.0,80.0,0.9999,LORA,6,0,LOST,1.0
2026-06-01 17:08:58,7,6.6,-24.0,80.0,0.9999,LORA,7,0,LOST,1.0
2026-06-01 17:09:00,8,40.3,-24.0,80.0,0.9995,LORA,8,0,LOST,1.0
2026-06-01 17:09:02,9,40.3,-22.0,82.0,0.9995,LORA,9,0,LOST,1.0
2026-06-01 17:09:04,10,40.3,-22.0,82.0,0.9995,LORA,10,0,LOST,1.0
2026-06-01 17:09:06,11,40.3,-23.0,81.0,0.9995,LORA,11,0,LOST,1.0
2026-06-01 17:09:08,12,40.3,-23.0,81.0,0.9995,LORA,12,0,LOST,1.0
2026-06-01 17:09:10,13,40.3,-101.0,3.0,0.535,SWITCHING,13,0,LOST,1.0
2026-06-01 17:09:12,14,40.3,-24.0,80.0,0.9995,LORA,14,0,LOST,1.0
2026-06-01 17:09:14,15,40.3,-25.0,79.0,0.9995,LORA,15,0,LOST,1.0
2026-06-01 17:09:16,16,40.8,-22.0,82.0,0.9995,LORA,16,0,LOST,1.0
2026-06-01 17:09:33,17,40.8,-32.0,73.0,0.9883,LORA,17,1,OK,1.0
2026-06-01 17:09:34,18,36.0,-27.0,74.0,0.9995,LORA,18,1,LOST,1.0
2026-06-01 17:09:36,19,36.0,-22.0,79.0,0.9995,LORA,19,1,LOST,1.0
2026-06-01 17:09:49,20,29.5,-22.0,79.0,0.9996,LORA,20,1,LOST,1.0
2026-06-01 17:09:51,21,29.5,-27.0,74.0,0.9996,LORA,21,1,LOST,1.0
2026-06-01 17:10:04,22,24.7,-20.0,82.0,0.9997,LORA,22,1,LOST,1.0
2026-06-01 17:10:06,23,24.7,-21.0,81.0,0.9997,LORA,23,1,LOST,1.0
2026-06-01 17:10:10,24,24.7,-19.0,83.0,0.9997,LORA,24,1,LOST,1.0
2026-06-01 17:10:12,25,24.7,-19.0,83.0,0.9997,LORA,25,1,LOST,1.0
2026-06-01 17:10:14,26,24.7,-19.0,83.0,0.9997,LORA,26,1,LOST,1.0
2026-06-01 17:10:16,27,24.7,-19.0,83.0,0.9997,LORA,27,1,LOST,1.0
2026-06-01 17:10:20,28,24.6,-33.0,69.0,0.983,LORA,28,1,LOST,1.0
2026-06-01 17:10:22,29,24.6,-20.0,82.0,0.9997,LORA,29,1,LOST,1.0
2026-06-01 17:10:24,30,24.6,-19.0,83.0,0.9997,LORA,30,1,LOST,1.0
2026-06-01 17:10:26,31,24.6,-19.0,83.0,0.9997,LORA,31,1,LOST,1.0
2026-06-01 17:10:30,32,24.6,-20.0,82.0,0.9997,LORA,32,1,LOST,1.0
2026-06-01 17:10:32,33,24.6,-21.0,81.0,0.9997,LORA,33,1,LOST,1.0
2026-06-01 17:10:34,34,24.6,-21.0,107.0,0.9997,LORA,34,1,LOST,1.0
2026-06-01 17:10:36,35,24.8,-21.0,107.0,0.9997,LORA,35,1,LOST,1.0
2026-06-01 17:10:40,36,24.8,-21.0,107.0,0.9997,LORA,36,1,LOST,1.0
2026-06-01 17:10:42,37,24.8,-21.0,107.0,0.9997,LORA,37,1,LOST,1.0
2026-06-01 17:10:44,38,24.8,-22.0,106.0,0.9997,LORA,38,1,LOST,1.0
2026-06-01 17:10:46,39,24.8,-22.0,106.0,0.9997,LORA,39,1,LOST,1.0
2026-06-01 17:10:50,40,24.8,-22.0,106.0,0.9997,LORA,40,1,LOST,1.0
2026-06-01 17:10:52,41,24.4,-22.0,106.0,0.9997,LORA,41,1,LOST,1.0
2026-06-01 17:10:54,42,24.4,-21.0,107.0,0.9997,LORA,42,1,LOST,1.0
2026-06-01 17:10:56,43,24.4,-22.0,106.0,0.9997,LORA,43,1,LOST,1.0
2026-06-01 17:11:00,44,24.4,-21.0,107.0,0.9997,LORA,44,1,LOST,1.0
2026-06-01 17:11:02,45,24.4,-22.0,106.0,0.9997,LORA,45,1,LOST,1.0
2026-06-01 17:11:04,46,24.4,-22.0,106.0,0.9997,LORA,46,1,LOST,1.0
2026-06-01 17:11:06,47,24.4,-22.0,106.0,0.9997,LORA,47,1,LOST,1.0
2026-06-01 17:11:11,48,22.1,-22.0,106.0,0.9997,LORA,48,1,LOST,1.0
2026-06-01 17:11:12,49,22.1,-23.0,105.0,0.9997,LORA,49,1,LOST,1.0
2026-06-01 17:11:14,50,22.1,-21.0,107.0,0.9997,LORA,50,1,LOST,1.0
2026-06-01 17:11:16,51,22.1,-21.0,107.0,0.9997,LORA,51,1,LOST,1.0
2026-06-01 17:11:18,52,22.1,-23.0,105.0,0.9997,LORA,52,1,LOST,1.0
2026-06-01 17:11:20,53,22.1,-22.0,106.0,0.9997,LORA,53,1,LOST,1.0
2026-06-01 17:11:22,54,22.1,-22.0,106.0,0.9997,LORA,54,1,LOST,1.0
2026-06-01 17:11:24,55,10.4,-22.0,106.0,0.9999,LORA,55,1,LOST,1.0
2026-06-01 17:11:26,56,10.4,-22.0,106.0,0.9999,LORA,56,1,LOST,1.0
2026-06-01 17:11:28,57,10.4,-23.0,105.0,0.9999,LORA,57,1,LOST,1.0
2026-06-01 17:11:30,58,10.4,-21.0,107.0,0.9999,LORA,58,1,LOST,1.0
2026-06-01 17:11:32,59,10.4,-22.0,106.0,0.9999,LORA,59,1,LOST,1.0
2026-06-01 17:11:34,60,10.4,-21.0,82.0,0.9999,LORA,60,1,LOST,1.0
2026-06-01 17:11:36,61,10.4,-21.0,82.0,0.9999,LORA,61,1,LOST,1.0
2026-06-01 17:11:38,62,10.4,-23.0,80.0,0.9999,LORA,62,1,LOST,1.0
2026-06-01 17:11:40,63,8.5,-22.0,81.0,0.9999,LORA,63,1,LOST,1.0
2026-06-01 17:11:42,64,8.5,-20.0,83.0,0.9999,LORA,64,1,LOST,1.0
2026-06-01 17:11:44,65,8.5,-21.0,82.0,0.9999,LORA,65,1,LOST,1.0
2026-06-01 17:11:46,66,8.5,-20.0,83.0,0.9999,LORA,66,1,LOST,1.0
2026-06-01 17:11:49,67,8.5,-22.0,81.0,0.9999,LORA,67,1,LOST,1.0
2026-06-01 17:11:50,68,8.5,-21.0,82.0,0.9999,LORA,68,1,LOST,1.0
2026-06-01 17:11:52,69,8.5,-21.0,82.0,0.9999,LORA,69,1,LOST,1.0
2026-06-01 17:11:54,70,8.5,-33.0,70.0,0.9832,LORA,70,1,LOST,1.0
2026-06-01 17:11:56,71,8.7,-19.0,84.0,0.9999,LORA,71,1,LOST,1.0
2026-06-01 17:11:58,72,8.7,-21.0,82.0,0.9999,LORA,72,1,LOST,1.0
2026-06-01 17:12:00,73,8.7,-20.0,83.0,0.9999,LORA,73,1,LOST,1.0
2026-06-01 17:12:02,74,8.7,-21.0,82.0,0.9999,LORA,74,1,LOST,1.0
2026-06-01 17:12:04,75,8.7,-21.0,81.0,0.9999,LORA,75,1,LOST,1.0
2026-06-01 17:12:06,76,8.7,-20.0,82.0,0.9999,LORA,76,1,LOST,1.0
2026-06-01 17:12:08,77,8.7,-21.0,81.0,0.9999,LORA,77,1,LOST,1.0
2026-06-01 17:12:10,78,8.7,-20.0,82.0,0.9999,LORA,78,1,LOST,1.0
2026-06-01 17:12:12,79,20.3,-21.0,81.0,0.9997,LORA,79,1,LOST,1.0
2026-06-01 17:12:14,80,20.3,-21.0,81.0,0.9997,LORA,80,1,LOST,1.0
2026-06-01 17:12:16,81,20.3,-23.0,79.0,0.9997,LORA,81,1,LOST,1.0
2026-06-01 17:12:18,82,20.3,-24.0,78.0,0.9997,LORA,82,1,LOST,1.0
2026-06-01 17:12:20,83,20.3,-22.0,80.0,0.9997,LORA,83,1,LOST,1.0
2026-06-01 17:12:22,84,20.3,-22.0,80.0,0.9997,LORA,84,1,LOST,1.0
2026-06-01 17:12:24,85,20.3,-23.0,79.0,0.9997,LORA,85,1,LOST,1.0
2026-06-01 17:12:26,86,20.3,-22.0,80.0,0.9997,LORA,86,1,LOST,1.0
2026-06-01 17:12:28,87,13.2,-23.0,79.0,0.9998,LORA,87,1,LOST,1.0
2026-06-01 17:12:30,88,13.2,-22.0,80.0,0.9998,LORA,88,2,OK,1.0
2026-06-01 17:12:32,89,13.2,-22.0,80.0,0.9998,LORA,89,3,OK,1.0
2026-06-01 17:12:34,90,13.2,-22.0,79.0,0.9998,LORA,90,4,OK,1.0
2026-06-01 17:12:36,91,13.2,-22.0,79.0,0.9998,LORA,91,5,OK,1.0
2026-06-01 17:12:38,92,13.2,-23.0,78.0,0.9998,LORA,92,6,OK,1.0
2026-06-01 17:12:40,93,13.2,-22.0,79.0,0.9998,LORA,93,7,OK,1.0
2026-06-01 17:12:42,94,13.2,-22.0,79.0,0.9998,LORA,94,8,OK,1.0
2026-06-01 17:12:44,95,12.5,-21.0,80.0,0.9998,LORA,95,9,OK,1.0
2026-06-01 17:12:46,96,12.5,-21.0,80.0,0.9998,LORA,96,10,OK,1.0
2026-06-01 17:12:48,97,12.5,-23.0,78.0,0.9998,LORA,97,11,OK,1.0
2026-06-01 17:12:50,98,12.5,-21.0,80.0,0.9998,LORA,98,12,OK,1.0
2026-06-01 17:12:52,99,12.5,-22.0,79.0,0.9998,LORA,99,13,OK,1.0
2026-06-01 17:12:54,100,12.5,-23.0,78.0,0.9998,LORA,100,14,OK,1.0
2026-06-01 17:12:56,101,12.5,-22.0,79.0,0.9998,LORA,101,15,OK,1.0
2026-06-01 17:12:58,102,12.5,-22.0,79.0,0.9998,LORA,102,16,OK,1.0
2026-06-01 17:13:00,103,11.5,-22.0,79.0,0.9998,LORA,103,17,OK,1.0
2026-06-01 17:13:02,104,11.5,-21.0,80.0,0.9998,LORA,104,18,OK,1.0
2026-06-01 17:13:04,105,11.5,-23.0,79.0,0.9998,LORA,105,19,OK,1.0
2026-06-01 17:13:06,106,11.5,-22.0,80.0,0.9998,LORA,106,20,OK,1.0
2026-06-01 17:13:09,107,11.5,-22.0,80.0,0.9998,LORA,107,21,OK,1.0
2026-06-01 17:13:10,108,11.5,-22.0,80.0,0.9998,LORA,108,22,OK,1.0
2026-06-01 17:13:12,109,11.5,-25.0,77.0,0.9998,LORA,109,23,OK,1.0
2026-06-01 17:13:14,110,11.5,-23.0,79.0,0.9998,LORA,110,24,OK,1.0
2026-06-01 17:13:16,111,12.1,-22.0,80.0,0.9998,LORA,111,25,OK,1.0
2026-06-01 17:13:19,112,12.1,-22.0,80.0,0.9998,LORA,112,26,OK,1.0
2026-06-01 17:13:20,113,12.1,-22.0,80.0,0.9998,LORA,113,27,OK,1.0
2026-06-01 17:13:22,114,12.1,-21.0,81.0,0.9998,LORA,114,28,OK,1.0
2026-06-01 17:13:24,115,12.1,-22.0,80.0,0.9998,LORA,115,29,OK,1.0
2026-06-01 17:13:26,116,12.1,-23.0,79.0,0.9998,LORA,116,30,OK,1.0
2026-06-01 17:13:28,117,12.1,-23.0,79.0,0.9998,LORA,117,31,OK,1.0
2026-06-01 17:13:30,118,12.1,-20.0,82.0,0.9998,LORA,118,32,OK,1.0
2026-06-01 17:13:32,119,13.6,-22.0,80.0,0.9998,LORA,119,33,OK,1.0
2026-06-01 17:13:34,120,13.6,-22.0,65.0,0.9998,LORA,120,34,OK,1.0
2026-06-01 17:13:36,121,13.6,-22.0,65.0,0.9998,LORA,121,35,OK,1.0
2026-06-01 17:13:38,122,13.6,-21.0,66.0,0.9998,LORA,122,36,OK,1.0
2026-06-01 17:13:40,123,13.6,-20.0,67.0,0.9998,LORA,123,37,OK,1.0
2026-06-01 17:13:42,124,13.6,-22.0,65.0,0.9998,LORA,124,38,OK,1.0
2026-06-01 17:13:44,125,13.6,-21.0,66.0,0.9998,LORA,125,39,OK,1.0
2026-06-01 17:13:46,126,13.6,-21.0,66.0,0.9998,LORA,126,40,OK,1.0
2026-06-01 17:13:48,127,10.8,-23.0,64.0,0.9999,LORA,127,41,OK,1.0
2026-06-01 17:13:51,128,10.8,-21.0,66.0,0.9999,LORA,128,42,OK,1.0
2026-06-01 17:13:53,129,10.8,-21.0,66.0,0.9999,LORA,129,43,OK,1.0
2026-06-01 17:13:55,130,10.8,-21.0,66.0,0.9999,LORA,130,44,OK,1.0
2026-06-01 17:13:57,131,10.8,-21.0,66.0,0.9999,LORA,131,45,OK,1.0
2026-06-01 17:13:59,132,10.8,-22.0,65.0,0.9999,LORA,132,46,OK,1.0
2026-06-01 17:14:01,133,10.8,-21.0,66.0,0.9999,LORA,133,47,OK,1.0
2026-06-01 17:14:03,134,9.6,-102.0,-15.0,0.3499,SWITCHING,134,48,OK,1.0
2026-06-01 17:14:05,135,9.6,-22.0,65.0,0.9999,LORA,135,49,OK,1.0
2026-06-01 17:14:07,136,9.6,-23.0,64.0,0.9999,LORA,136,50,OK,1.0
2026-06-01 17:14:09,137,9.6,-22.0,65.0,0.9999,LORA,137,51,OK,1.0
2026-06-01 17:14:11,138,9.6,-22.0,65.0,0.9999,LORA,138,52,OK,1.0
2026-06-01 17:14:13,139,9.6,-21.0,66.0,0.9999,LORA,139,53,OK,1.0
2026-06-01 17:14:15,140,9.6,-22.0,65.0,0.9999,LORA,140,54,OK,1.0
2026-06-01 17:14:17,141,9.6,-21.0,66.0,0.9999,LORA,141,55,OK,1.0
2026-06-01 17:14:19,142,9.5,-21.0,66.0,0.9999,LORA,142,56,OK,1.0
2026-06-01 17:14:21,143,9.5,-21.0,66.0,0.9999,LORA,143,57,OK,1.0
2026-06-01 17:14:23,144,9.5,-21.0,66.0,0.9999,LORA,144,58,OK,1.0
2026-06-01 17:14:25,145,9.5,-21.0,66.0,0.9999,LORA,145,59,OK,1.0
2026-06-01 17:14:27,146,9.5,-21.0,66.0,0.9999,LORA,146,60,OK,1.0
2026-06-01 17:14:29,147,9.5,-21.0,66.0,0.9999,LORA,147,61,OK,1.0
2026-06-01 17:14:31,148,9.5,-21.0,66.0,0.9999,LORA,148,62,OK,1.0
2026-06-01 17:14:33,149,9.5,-102.0,-15.0,0.3499,SWITCHING,149,63,OK,1.0
2026-06-01 17:14:35,150,9.9,-21.0,66.0,0.9999,LORA,150,64,OK,1.0
2026-06-01 17:14:37,151,9.9,-21.0,66.0,0.9999,LORA,151,65,OK,1.0
2026-06-01 17:14:39,152,9.9,-21.0,66.0,0.9999,LORA,152,66,OK,1.0
2026-06-01 17:14:41,153,9.9,-22.0,65.0,0.9999,LORA,153,67,OK,1.0
2026-06-01 17:14:43,154,9.9,-21.0,66.0,0.9999,LORA,154,68,OK,1.0
2026-06-01 17:14:45,155,9.9,-21.0,66.0,0.9999,LORA,155,69,OK,1.0
2026-06-01 17:14:47,156,9.9,-20.0,67.0,0.9999,LORA,156,70,OK,1.0
2026-06-01 17:14:49,157,9.9,-19.0,68.0,0.9999,LORA,157,71,OK,1.0
2026-06-01 17:14:51,158,10.3,-19.0,68.0,0.9999,LORA,158,72,OK,1.0
2026-06-01 17:14:53,159,10.3,-20.0,67.0,0.9999,LORA,159,73,OK,1.0
2026-06-01 17:14:55,160,10.3,-21.0,66.0,0.9999,LORA,160,74,OK,1.0
2026-06-01 17:14:57,161,10.3,-20.0,67.0,0.9999,LORA,161,75,OK,1.0
2026-06-01 17:42:50,1,25.5,-40.0,20.0,0.9997,LORA,1,1,OK,0.0
2026-06-01 17:42:52,2,25.5,-42.0,20.0,0.9997,LORA,2,2,OK,0.0
2026-06-01 17:42:54,3,25.5,-101.0,2.0,0.6097,SWITCHING,3,3,OK,0.0
2026-06-01 17:42:56,4,25.5,-40.0,20.0,0.9997,LORA,4,4,OK,0.0
2026-06-01 17:42:58,5,25.5,-43.0,20.0,0.9997,LORA,5,5,OK,0.0
2026-06-01 17:43:01,6,25.5,-37.0,20.0,0.9997,LORA,6,6,OK,0.0
2026-06-01 17:43:03,7,25.5,-40.0,20.0,0.9997,LORA,7,7,OK,0.0
2026-06-01 17:43:05,8,20.4,-42.0,20.0,0.9997,LORA,8,8,OK,0.0
2026-06-01 17:43:07,9,20.4,-42.0,20.0,0.9997,LORA,9,9,OK,0.0
2026-06-01 17:43:09,10,20.4,-41.0,20.0,0.9997,LORA,10,10,OK,0.0
2026-06-01 17:43:11,11,20.4,-39.0,20.0,0.9997,LORA,11,11,OK,0.0
2026-06-01 17:43:13,12,20.4,-40.0,20.0,0.9997,LORA,12,12,OK,0.0
2026-06-01 17:43:15,13,20.4,-40.0,20.0,0.9997,LORA,13,13,OK,0.0
2026-06-01 17:43:17,14,20.4,-36.0,20.0,0.9997,LORA,14,14,OK,0.0
2026-06-01 17:43:19,15,19.5,-39.0,20.0,0.9997,LORA,15,15,OK,0.0
2026-06-01 17:43:21,16,19.5,-37.0,20.0,0.9997,LORA,16,16,OK,1.0
2026-06-01 17:43:23,17,19.5,-38.0,20.0,0.9997,LORA,17,17,OK,1.0
2026-06-01 17:43:30,18,19.5,-47.0,20.0,0.9997,LORA,18,18,OK,1.0
2026-06-01 17:43:33,19,19.5,-46.0,20.0,0.9997,LORA,19,19,OK,1.0
2026-06-01 17:43:35,20,19.5,-45.0,20.0,0.9997,LORA,20,20,OK,1.0
2026-06-01 17:43:37,21,20.6,-46.0,20.0,0.9997,LORA,21,21,OK,1.0
2026-06-01 17:43:39,22,20.6,-47.0,20.0,0.9997,LORA,22,22,OK,1.0
2026-06-01 17:43:41,23,20.6,-36.0,20.0,0.9997,LORA,23,23,OK,1.0
2026-06-01 17:43:43,24,20.6,-34.0,20.0,0.9997,LORA,24,24,OK,1.0
2026-06-01 17:43:45,25,20.6,-33.0,20.0,0.9997,LORA,25,25,OK,1.0
2026-06-01 17:43:47,26,20.6,-33.0,20.0,0.9997,LORA,26,26,OK,1.0
2026-06-01 17:43:49,27,20.6,-33.0,20.0,0.9997,LORA,27,27,OK,1.0
2026-06-01 17:43:51,28,20.6,-33.0,20.0,0.9997,LORA,28,28,OK,1.0
2026-06-01 17:43:53,29,21.7,-34.0,20.0,0.9997,LORA,29,29,OK,1.0
2026-06-01 17:44:01,30,21.7,-33.0,20.0,0.9997,LORA,30,30,OK,1.0
2026-06-01 17:44:03,31,21.7,-33.0,20.0,0.9997,LORA,31,31,OK,1.0
2026-06-01 17:44:05,32,21.7,-33.0,20.0,0.9997,LORA,32,32,OK,1.0
2026-06-01 17:44:07,33,21.7,-37.0,20.0,0.9997,LORA,33,33,OK,1.0
2026-06-01 17:44:09,34,22.6,-34.0,20.0,0.9997,LORA,34,34,OK,1.0
2026-06-01 17:44:11,35,22.6,-35.0,20.0,0.9997,LORA,35,35,OK,1.0
2026-06-01 17:44:13,36,22.6,-40.0,20.0,0.9997,LORA,36,36,OK,1.0
2026-06-01 17:44:15,37,22.6,-40.0,20.0,0.9997,LORA,37,37,OK,1.0
2026-06-01 17:44:17,38,22.6,-42.0,20.0,0.9997,LORA,38,38,OK,1.0
2026-06-01 17:44:19,39,22.6,-41.0,20.0,0.9997,LORA,39,39,OK,1.0
2026-06-01 17:44:21,40,22.6,-39.0,20.0,0.9997,LORA,40,40,OK,1.0
2026-06-01 17:44:23,41,25.5,-37.0,20.0,0.9997,LORA,41,41,OK,1.0
2026-06-01 17:44:31,42,25.5,-38.0,20.0,0.9997,LORA,42,42,OK,1.0
2026-06-01 17:44:33,43,25.5,-36.0,20.0,0.9997,LORA,43,43,OK,1.0
2026-06-01 17:44:37,44,25.5,-34.0,20.0,0.9997,LORA,44,44,OK,1.0
2026-06-01 17:44:37,45,25.5,-34.0,20.0,0.9997,LORA,45,45,OK,1.0
2026-06-01 17:44:39,46,28.1,-35.0,20.0,0.9996,LORA,46,46,OK,1.0
2026-06-01 17:44:41,47,28.1,-32.0,20.0,0.9996,LORA,47,47,OK,1.0
2026-06-01 17:44:43,48,28.1,-31.0,20.0,0.9996,LORA,48,48,OK,1.0
2026-06-01 17:44:45,49,28.1,-31.0,20.0,0.9996,LORA,49,49,OK,1.0
2026-06-01 17:44:47,50,28.1,-30.0,20.0,0.9996,LORA,50,50,OK,1.0
2026-06-01 17:44:50,51,28.1,-31.0,20.0,0.9996,LORA,51,51,OK,1.0
2026-06-01 17:44:52,52,28.1,-30.0,20.0,0.9996,LORA,52,52,OK,1.0
2026-06-01 17:44:53,53,28.1,-31.0,20.0,0.9996,LORA,53,53,OK,1.0
2026-06-01 17:44:55,54,29.2,-29.0,20.0,0.9996,LORA,54,54,OK,1.0
2026-06-01 17:44:58,55,29.2,-38.0,20.0,0.9996,LORA,55,55,OK,1.0
2026-06-01 17:45:11,56,29.2,-39.0,20.0,0.9996,LORA,56,56,OK,1.0
2026-06-01 17:45:13,57,31.9,-36.0,20.0,0.9996,LORA,57,57,OK,1.0
2026-06-01 17:45:15,58,31.9,-33.0,20.0,0.9996,LORA,58,58,OK,1.0
2026-06-01 17:45:17,59,31.9,-33.0,20.0,0.9996,LORA,59,59,OK,1.0
2026-06-01 17:45:19,60,31.9,-35.0,20.0,0.9996,LORA,60,60,OK,1.0
2026-06-01 17:45:21,61,31.9,-36.0,20.0,0.9996,LORA,61,61,OK,1.0
2026-06-01 17:45:24,62,31.9,-30.0,20.0,0.9996,LORA,62,62,OK,1.0
2026-06-01 17:45:26,63,31.9,-25.0,20.0,0.9996,LORA,63,63,OK,1.0
2026-06-01 17:45:28,64,29.8,-24.0,20.0,0.9996,LORA,64,64,OK,22.0
2026-06-01 17:45:30,65,29.8,-24.0,20.0,0.9996,LORA,65,65,OK,22.0
2026-06-01 17:45:32,66,29.8,-24.0,20.0,0.9996,LORA,66,66,OK,22.0
2026-06-01 17:45:34,67,29.8,-29.0,20.0,0.9996,LORA,67,67,OK,22.0
2026-06-01 17:45:36,68,29.8,-29.0,20.0,0.9996,LORA,68,68,OK,22.0
2026-06-01 17:45:38,69,29.8,-29.0,20.0,0.9996,LORA,69,69,OK,22.0
2026-06-01 17:45:40,70,29.8,-30.0,20.0,0.9996,LORA,70,70,OK,22.0
2026-06-01 17:45:42,71,29.8,-28.0,20.0,0.9996,LORA,71,71,OK,22.0
2026-06-01 17:45:44,72,34.5,-29.0,20.0,0.9995,LORA,72,72,OK,22.0
2026-06-01 17:45:46,73,34.5,-28.0,20.0,0.9995,LORA,73,73,OK,22.0
2026-06-01 17:45:48,74,34.5,-30.0,20.0,0.9995,LORA,74,74,OK,22.0
2026-06-01 17:45:50,75,34.5,-30.0,20.0,0.9995,LORA,75,75,OK,22.0
2026-06-01 17:45:52,76,34.5,-29.0,20.0,0.9995,LORA,76,76,OK,22.0
2026-06-01 17:45:54,77,34.5,-28.0,20.0,0.9995,LORA,77,77,OK,22.0
2026-06-01 17:45:57,78,34.5,-30.0,20.0,0.9995,LORA,78,78,OK,22.0
2026-06-01 17:45:59,79,34.5,-26.0,20.0,0.9995,LORA,79,79,OK,22.0
2026-06-01 17:46:01,80,36.4,-30.0,20.0,0.9995,LORA,80,80,OK,1.0
2026-06-01 17:46:03,81,36.4,-29.0,20.0,0.9995,LORA,81,81,OK,1.0
2026-06-01 17:46:05,82,36.4,-29.0,20.0,0.9995,LORA,82,82,OK,1.0
2026-06-01 17:46:07,83,36.4,-27.0,20.0,0.9995,LORA,83,83,OK,1.0
2026-06-01 17:46:09,84,36.4,-31.0,20.0,0.9995,LORA,84,84,OK,1.0
2026-06-01 17:46:12,85,36.4,-29.0,20.0,0.9995,LORA,85,85,OK,1.0
2026-06-01 17:46:14,86,36.4,-27.0,20.0,0.9995,LORA,86,86,OK,1.0
2026-06-01 17:46:16,87,36.2,-28.0,20.0,0.9995,LORA,87,87,OK,1.0
2026-06-01 17:46:18,88,36.2,-28.0,20.0,0.9995,LORA,88,88,OK,1.0
2026-06-01 17:46:30,89,36.2,-27.0,20.0,0.9995,LORA,89,89,OK,1.0
2026-06-01 17:46:32,90,34.8,-29.0,20.0,0.9995,LORA,90,90,OK,1.0
2026-06-01 17:46:35,91,34.8,-29.0,20.0,0.9995,LORA,91,91,OK,1.0
2026-06-01 17:46:37,92,34.8,-24.0,20.0,0.9995,LORA,92,92,OK,1.0
2026-06-01 17:46:39,93,34.8,-26.0,20.0,0.9995,LORA,93,93,OK,1.0
2026-06-01 17:46:41,94,34.8,-28.0,20.0,0.9995,LORA,94,94,OK,1.0
2026-06-01 17:46:43,95,34.8,-26.0,20.0,0.9995,LORA,95,95,OK,1.0
2026-06-01 17:46:45,96,34.8,-29.0,20.0,0.9995,LORA,96,96,OK,1.0
2026-06-01 17:46:47,97,34.8,-32.0,20.0,0.9995,LORA,97,97,OK,1.0
2026-06-01 17:46:49,98,38.6,-31.0,20.0,0.9995,LORA,98,98,OK,1.0
2026-06-01 17:46:51,99,38.6,-27.0,20.0,0.9995,LORA,99,99,OK,1.0
2026-06-01 17:46:53,100,38.6,-28.0,20.0,0.9995,LORA,100,100,OK,1.0
2026-06-01 17:47:00,101,38.6,-32.0,20.0,0.9995,LORA,101,101,OK,1.0
2026-06-01 17:47:03,102,38.6,-27.0,20.0,0.9995,LORA,102,102,OK,1.0
2026-06-01 17:47:05,103,38.3,-27.0,20.0,0.9995,LORA,103,103,OK,0.0
2026-06-01 17:47:07,104,38.3,-30.0,20.0,0.9995,LORA,104,104,OK,0.0
2026-06-01 17:47:09,105,38.3,-28.0,20.0,0.9995,LORA,105,105,OK,0.0
2026-06-01 17:47:11,106,38.3,-29.0,20.0,0.9995,LORA,106,106,OK,0.0
2026-06-01 17:47:13,107,38.3,-32.0,20.0,0.9995,LORA,107,107,OK,0.0
2026-06-01 17:47:15,108,38.3,-34.0,20.0,0.9995,LORA,108,108,OK,0.0
2026-06-01 17:47:17,109,38.3,-32.0,20.0,0.9995,LORA,109,109,OK,0.0
2026-06-01 17:47:19,110,39.6,-29.0,20.0,0.9995,LORA,110,110,OK,0.0
2026-06-01 17:47:21,111,39.6,-31.0,20.0,0.9995,LORA,111,111,OK,0.0
2026-06-01 17:47:23,112,39.6,-31.0,20.0,0.9995,LORA,112,112,OK,0.0
2026-06-01 17:47:25,113,39.6,-31.0,20.0,0.9995,LORA,113,113,OK,0.0
2026-06-01 17:47:27,114,39.6,-31.0,20.0,0.9995,LORA,114,114,OK,0.0
2026-06-01 17:47:29,115,39.6,-31.0,20.0,0.9995,LORA,115,115,OK,0.0
2026-06-01 17:47:31,116,39.6,-30.0,20.0,0.9995,LORA,116,116,OK,0.0
2026-06-01 17:47:33,117,39.6,-31.0,20.0,0.9995,LORA,117,117,OK,0.0
2026-06-01 17:47:35,118,30.4,-29.0,20.0,0.9996,LORA,118,118,OK,0.0
2026-06-01 17:47:37,119,30.4,-30.0,20.0,0.9996,LORA,119,119,OK,1.0
2026-06-01 17:47:40,120,30.4,-31.0,20.0,0.9996,LORA,120,120,OK,1.0
2026-06-01 17:47:50,121,30.4,-32.0,20.0,0.9996,LORA,121,121,OK,1.0
2026-06-01 17:47:52,122,32.6,-32.0,20.0,0.9996,LORA,122,122,OK,1.0
2026-06-01 17:47:55,123,32.6,-102.0,-1.0,0.5696,SWITCHING,123,123,OK,1.0
2026-06-01 17:47:57,124,32.6,-32.0,20.0,0.9996,LORA,124,124,OK,1.0
2026-06-01 17:47:59,125,32.6,-32.0,20.0,0.9996,LORA,125,125,OK,1.0
2026-06-01 17:48:01,126,32.6,-31.0,20.0,0.9996,LORA,126,126,OK,1.0
2026-06-01 17:48:03,127,32.6,-30.0,20.0,0.9996,LORA,127,127,OK,1.0
2026-06-01 17:48:05,128,32.6,-29.0,20.0,0.9996,LORA,128,128,OK,1.0
2026-06-01 17:48:07,129,33.7,-29.0,20.0,0.9996,LORA,129,129,OK,1.0
2026-06-01 17:48:09,130,33.7,-30.0,20.0,0.9996,LORA,130,130,OK,1.0
2026-06-01 17:48:11,131,33.7,-31.0,20.0,0.9996,LORA,131,131,OK,1.0
2026-06-01 17:48:14,132,33.7,-33.0,20.0,0.9996,LORA,132,132,OK,1.0
2026-06-01 17:48:15,133,33.7,-33.0,20.0,0.9996,LORA,133,133,OK,1.0
2026-06-01 17:48:18,134,33.7,-33.0,20.0,0.9996,LORA,134,134,OK,1.0
2026-06-01 17:48:20,135,33.7,-32.0,20.0,0.9996,LORA,135,135,OK,1.0
2026-06-01 17:48:22,136,33.7,-34.0,20.0,0.9996,LORA,136,136,OK,1.0
2026-06-01 17:48:24,137,31.8,-33.0,20.0,0.9996,LORA,137,137,OK,1.0
2026-06-01 17:48:26,138,31.8,-34.0,20.0,0.9996,LORA,138,138,OK,1.0
2026-06-01 17:48:28,139,31.8,-33.0,20.0,0.9996,LORA,139,139,OK,1.0
2026-06-01 17:48:41,140,29.2,-25.0,20.0,0.9996,LORA,140,140,OK,1.0
2026-06-01 17:48:43,141,29.2,-26.0,20.0,0.9996,LORA,141,141,OK,1.0
2026-06-01 17:48:45,142,29.2,-24.0,20.0,0.9996,LORA,142,142,OK,1.0
2026-06-01 17:48:48,143,29.2,-28.0,20.0,0.9996,LORA,143,143,OK,1.0
2026-06-01 17:48:52,144,29.2,-24.0,20.0,0.9996,LORA,144,144,OK,1.0
2026-06-01 17:48:54,145,29.2,-25.0,20.0,0.9996,LORA,145,145,OK,1.0
2026-06-01 17:48:56,146,30.7,-26.0,20.0,0.9996,LORA,146,146,OK,1.0
2026-06-01 17:48:58,147,30.7,-25.0,20.0,0.9996,LORA,147,147,OK,1.0
2026-06-01 17:49:10,148,30.7,-33.0,20.0,0.9996,LORA,148,148,OK,1.0
2026-06-01 17:49:12,149,33.2,-23.0,20.0,0.9996,LORA,149,149,OK,1.0
2026-06-01 17:49:15,150,33.2,-23.0,20.0,0.9996,LORA,150,150,OK,1.0
2026-06-01 17:49:17,151,33.2,-24.0,20.0,0.9996,LORA,151,151,OK,1.0
2026-06-01 17:49:20,152,33.2,-23.0,20.0,0.9996,LORA,152,152,OK,1.0
2026-06-01 17:49:31,153,32.2,-26.0,20.0,0.9996,LORA,153,153,OK,1.0
2026-06-01 17:49:34,154,32.2,-29.0,20.0,0.9996,LORA,154,154,OK,1.0
2026-06-01 17:49:36,155,32.2,-29.0,20.0,0.9996,LORA,155,155,OK,1.0
2026-06-01 17:49:39,156,32.2,-30.0,20.0,0.9996,LORA,156,156,OK,1.0
2026-06-01 17:49:41,157,32.2,-29.0,20.0,0.9996,LORA,157,157,OK,1.0
2026-06-01 17:49:43,158,36.2,-31.0,20.0,0.9995,LORA,158,158,OK,1.0
2026-06-01 17:49:45,159,36.2,-28.0,20.0,0.9995,LORA,159,159,OK,1.0
2026-06-01 17:49:47,160,36.2,-28.0,20.0,0.9995,LORA,160,160,OK,1.0
2026-06-01 17:50:01,161,43.4,-30.0,20.0,0.9994,LORA,161,161,OK,1.0
2026-06-01 17:50:02,162,43.4,-31.0,20.0,0.9994,LORA,162,162,OK,1.0
2026-06-01 17:50:05,163,43.4,-31.0,20.0,0.9994,LORA,163,163,OK,1.0
2026-06-04 09:56:17,1,74.0,-30.0,20.0,0.999,LORA,1,1,OK,0.0
2026-06-04 09:56:19,2,74.0,-29.0,20.0,0.999,LORA,2,2,OK,0.0
2026-06-04 09:56:21,3,74.0,-29.0,20.0,0.999,LORA,3,3,OK,0.0
2026-06-04 09:56:23,4,74.0,-25.0,20.0,0.999,LORA,4,4,OK,0.0
2026-06-04 09:56:26,5,50.4,-31.0,20.0,0.9993,LORA,5,5,OK,0.0
2026-06-04 09:56:27,6,50.4,-30.0,20.0,0.9993,LORA,6,6,OK,0.0
2026-06-04 09:56:30,7,50.4,-32.0,20.0,0.9993,LORA,7,7,OK,0.0
2026-06-04 09:56:32,8,50.4,-31.0,20.0,0.9993,LORA,8,8,OK,0.0
2026-06-04 09:56:34,9,50.4,-29.0,20.0,0.9993,LORA,9,9,OK,0.0
2026-06-04 09:56:36,10,50.4,-30.0,20.0,0.9993,LORA,10,10,OK,0.0
2026-06-04 09:56:38,11,50.4,-28.0,20.0,0.9993,LORA,11,11,OK,0.0
2026-06-04 09:56:40,12,50.4,-28.0,20.0,0.9993,LORA,12,12,OK,0.0
2026-06-04 09:56:42,13,12.2,-28.0,20.0,0.9998,LORA,13,13,OK,0.0
2026-06-04 09:56:44,14,12.2,-31.0,20.0,0.9998,LORA,14,14,OK,0.0
2026-06-04 09:56:46,15,12.2,-27.0,20.0,0.9998,LORA,15,15,OK,0.0
2026-06-04 09:56:48,16,12.2,-30.0,20.0,0.9998,LORA,16,16,OK,0.0
2026-06-04 09:56:50,17,12.2,-28.0,20.0,0.9998,LORA,17,17,OK,0.0
2026-06-04 09:56:52,18,12.2,-29.0,20.0,0.9998,LORA,18,18,OK,0.0
2026-06-04 09:56:54,19,12.2,-28.0,20.0,0.9998,LORA,19,19,OK,0.0
2026-06-04 09:56:58,20,11.8,-29.0,20.0,0.9998,LORA,20,20,OK,0.0
2026-06-04 09:57:00,21,11.8,-29.0,20.0,0.9998,LORA,21,21,OK,0.0
2026-06-04 09:57:02,22,11.8,-32.0,20.0,0.9998,LORA,22,22,OK,0.0
2026-06-04 09:57:04,23,11.8,-30.0,20.0,0.9998,LORA,23,23,OK,0.0
2026-06-04 09:57:08,24,11.8,-30.0,20.0,0.9998,LORA,24,24,OK,0.0
2026-06-04 09:57:10,25,11.8,-31.0,20.0,0.9998,LORA,25,25,OK,0.0
2026-06-04 09:57:12,26,11.8,-28.0,20.0,0.9998,LORA,26,26,OK,0.0
2026-06-04 09:57:15,27,13.1,-28.0,20.0,0.9998,LORA,27,27,OK,0.0
2026-06-04 09:57:27,28,13.1,-34.0,20.0,0.9998,LORA,28,28,OK,0.0
2026-06-04 09:57:30,29,13.1,-33.0,20.0,0.9998,LORA,29,29,OK,0.0
2026-06-04 09:57:31,30,13.1,-30.0,20.0,0.9998,LORA,30,30,OK,0.0
2026-06-04 09:57:34,31,13.1,-28.0,20.0,0.9998,LORA,31,31,OK,0.0
2026-06-04 09:57:36,32,13.1,-30.0,20.0,0.9998,LORA,32,32,OK,0.0
2026-06-04 09:57:38,33,13.1,-27.0,20.0,0.9998,LORA,33,33,OK,0.0
2026-06-04 09:57:40,34,13.1,-28.0,20.0,0.9998,LORA,34,34,OK,0.0
2026-06-04 09:57:42,35,13.1,-27.0,20.0,0.9998,LORA,35,35,OK,0.0
2026-06-04 09:57:46,36,13.1,-28.0,20.0,0.9998,LORA,36,36,OK,0.0
2026-06-04 10:08:03,1,17.0,-33.0,20.0,0.9998,LORA,1,0,LOST,0.0
2026-06-04 10:08:05,2,17.0,-33.0,20.0,0.9998,LORA,2,0,LOST,0.0
2026-06-04 10:08:07,3,17.0,-34.0,20.0,0.9998,LORA,3,0,LOST,0.0
2026-06-04 10:08:09,4,17.0,-36.0,20.0,0.9998,LORA,4,0,LOST,0.0
2026-06-04 10:08:11,5,17.0,-35.0,20.0,0.9998,LORA,5,0,LOST,0.0
2026-06-04 10:08:13,6,17.0,-35.0,20.0,0.9998,LORA,6,0,LOST,0.0
2026-06-04 10:08:15,7,17.0,-37.0,20.0,0.9998,LORA,7,0,LOST,0.0
2026-06-04 10:08:19,8,17.3,-57.0,20.0,0.9998,LORA,8,0,LOST,0.0
2026-06-04 10:08:21,9,17.3,-32.0,20.0,0.9998,LORA,9,0,LOST,0.0
2026-06-04 10:08:23,10,17.3,-32.0,20.0,0.9998,LORA,10,0,LOST,0.0
2026-06-04 10:08:25,11,17.3,-32.0,20.0,0.9998,LORA,11,0,LOST,0.0
2026-06-04 10:08:27,12,17.3,-29.0,20.0,0.9998,LORA,12,0,LOST,0.0
2026-06-04 10:08:29,13,17.3,-47.0,20.0,0.9998,LORA,13,0,LOST,0.0
2026-06-04 10:08:31,14,17.3,-32.0,20.0,0.9998,LORA,14,0,LOST,0.0
2026-06-04 10:08:33,15,16.8,-32.0,20.0,0.9998,LORA,15,0,LOST,0.0
2026-06-04 10:08:36,16,16.8,-32.0,20.0,0.9998,LORA,16,0,LOST,0.0
2026-06-04 10:08:37,17,16.8,-37.0,20.0,0.9998,LORA,17,0,LOST,0.0
2026-06-04 10:08:39,18,16.8,-33.0,20.0,0.9998,LORA,18,0,LOST,0.0
2026-06-04 10:08:41,19,16.8,-32.0,20.0,0.9998,LORA,19,0,LOST,0.0
2026-06-04 10:08:43,20,16.8,-33.0,20.0,0.9998,LORA,20,0,LOST,0.0
2026-06-04 10:08:45,21,16.8,-33.0,20.0,0.9998,LORA,21,0,LOST,0.0
2026-06-04 10:08:49,22,17.8,-36.0,20.0,0.9998,LORA,22,0,LOST,0.0
2026-06-04 10:08:51,23,17.8,-33.0,20.0,0.9998,LORA,23,0,LOST,0.0
2026-06-04 10:08:53,24,17.8,-47.0,9.0,0.9898,LORA,24,0,LOST,0.0
2026-06-04 10:08:55,25,17.8,-38.0,18.0,0.9998,LORA,25,0,LOST,0.0
2026-06-04 10:08:57,26,17.8,-35.0,20.0,0.9998,LORA,26,0,LOST,0.0
2026-06-04 10:08:59,27,17.8,-38.0,18.0,0.9998,LORA,27,0,LOST,0.0
2026-06-04 10:09:01,28,17.8,-52.0,4.0,0.9398,LORA,28,0,LOST,0.0
2026-06-04 10:09:05,29,20.2,-40.0,16.0,0.9997,LORA,29,0,LOST,0.0
2026-06-04 10:09:07,30,20.2,-35.0,20.0,0.9997,LORA,30,0,LOST,0.0
2026-06-04 10:09:10,31,20.2,-35.0,20.0,0.9997,LORA,31,0,LOST,0.0
2026-06-04 10:09:12,32,20.2,-32.0,20.0,0.9997,LORA,32,0,LOST,0.0
2026-06-04 10:09:28,33,21.4,-41.0,20.0,0.9997,LORA,33,0,LOST,0.0
2026-06-04 10:09:28,34,21.4,-33.0,20.0,0.9997,LORA,34,0,LOST,0.0
2026-06-04 10:09:28,35,21.4,-32.0,20.0,0.9997,LORA,35,0,LOST,0.0
2026-06-04 10:09:28,36,21.4,-35.0,20.0,0.9997,LORA,36,0,LOST,0.0
2026-06-04 10:09:29,37,21.4,-36.0,20.0,0.9997,LORA,37,0,LOST,0.0
2026-06-04 10:09:29,38,21.4,-36.0,20.0,0.9997,LORA,38,0,LOST,0.0
2026-06-04 10:09:32,39,22.5,-30.0,20.0,0.9997,LORA,39,0,LOST,0.0
2026-06-04 10:09:34,40,22.5,-31.0,20.0,0.9997,LORA,40,0,LOST,0.0
2026-06-04 10:09:38,41,22.5,-30.0,20.0,0.9997,LORA,41,0,LOST,0.0
2026-06-04 10:09:40,42,22.5,-35.0,20.0,0.9997,LORA,42,0,LOST,0.0
2026-06-04 10:09:42,43,22.5,-32.0,20.0,0.9997,LORA,43,0,LOST,0.0
2026-06-04 10:09:44,44,22.5,-33.0,20.0,0.9997,LORA,44,0,LOST,0.0
2026-06-04 10:09:48,45,21.9,-35.0,20.0,0.9997,LORA,45,0,LOST,0.0
2026-06-04 10:09:50,46,21.9,-35.0,20.0,0.9997,LORA,46,0,LOST,0.0
2026-06-04 10:09:52,47,21.9,-35.0,20.0,0.9997,LORA,47,0,LOST,0.0
2026-06-04 10:09:54,48,21.9,-30.0,20.0,0.9997,LORA,48,0,LOST,0.0
2026-06-04 10:09:58,49,21.9,-31.0,20.0,0.9997,LORA,49,0,LOST,0.0
2026-06-04 10:10:00,50,21.9,-29.0,20.0,0.9997,LORA,50,0,LOST,0.0
2026-06-04 10:10:02,51,21.9,-29.0,20.0,0.9997,LORA,51,0,LOST,0.0
2026-06-04 10:10:04,52,21.5,-30.0,20.0,0.9997,LORA,52,0,LOST,0.0
2026-06-04 10:10:08,53,21.5,-30.0,20.0,0.9997,LORA,53,0,LOST,0.0
2026-06-04 10:10:10,54,21.5,-31.0,20.0,0.9997,LORA,54,0,LOST,0.0
2026-06-04 10:10:12,55,21.5,-30.0,20.0,0.9997,LORA,55,0,LOST,0.0
2026-06-04 10:10:14,56,21.5,-30.0,20.0,0.9997,LORA,56,0,LOST,0.0
2026-06-04 10:10:18,57,21.5,-30.0,20.0,0.9997,LORA,57,0,LOST,0.0
2026-06-04 10:10:20,58,20.3,-31.0,20.0,0.9997,LORA,58,0,LOST,0.0
2026-06-04 10:10:23,59,20.3,-38.0,20.0,0.9997,LORA,59,0,LOST,0.0
2026-06-04 10:10:24,60,20.3,-36.0,20.0,0.9997,LORA,60,0,LOST,0.0
2026-06-04 10:10:28,61,20.3,-32.0,20.0,0.9997,LORA,61,0,LOST,0.0
2026-06-04 10:10:30,62,20.3,-32.0,20.0,0.9997,LORA,62,0,LOST,0.0
2026-06-04 10:10:33,63,20.3,-32.0,20.0,0.9997,LORA,63,0,LOST,0.0
2026-06-04 10:10:36,64,19.4,-29.0,20.0,0.9997,LORA,64,0,LOST,0.0
2026-06-04 10:10:39,65,19.4,-30.0,20.0,0.9997,LORA,65,0,LOST,0.0
2026-06-04 10:10:41,66,19.4,-31.0,20.0,0.9997,LORA,66,0,LOST,0.0
2026-06-04 10:10:42,67,19.4,-33.0,20.0,0.9997,LORA,67,0,LOST,0.0
2026-06-04 10:10:45,68,19.4,-30.0,20.0,0.9997,LORA,68,0,LOST,0.0
2026-06-04 10:10:46,69,19.4,-31.0,20.0,0.9997,LORA,69,0,LOST,0.0
2026-06-04 10:10:48,70,19.4,-30.0,20.0,0.9997,LORA,70,0,LOST,0.0
2026-06-04 10:10:51,71,19.4,-30.0,20.0,0.9997,LORA,71,0,LOST,0.0
2026-06-04 10:10:52,72,17.4,-32.0,20.0,0.9998,LORA,72,0,LOST,0.0
2026-06-04 10:10:55,73,17.4,-31.0,20.0,0.9998,LORA,73,0,LOST,0.0
2026-06-04 10:10:59,74,17.4,-32.0,20.0,0.9998,LORA,74,0,LOST,0.0
2026-06-04 10:11:03,75,17.4,-30.0,20.0,0.9998,LORA,75,0,LOST,0.0
2026-06-04 10:11:07,76,17.4,-32.0,20.0,0.9998,LORA,76,0,LOST,0.0
2026-06-04 10:11:08,77,21.9,-32.0,20.0,0.9997,LORA,77,0,LOST,0.0
2026-06-04 10:11:11,78,21.9,-33.0,20.0,0.9997,LORA,78,0,LOST,0.0
2026-06-04 10:11:15,79,21.9,-31.0,20.0,0.9997,LORA,79,0,LOST,0.0
2026-06-04 10:11:17,80,21.9,-32.0,20.0,0.9997,LORA,80,0,LOST,0.0
2026-06-04 10:11:19,81,21.9,-31.0,20.0,0.9997,LORA,81,0,LOST,0.0
2026-06-04 10:11:21,82,21.9,-32.0,20.0,0.9997,LORA,82,0,LOST,0.0
2026-06-04 10:11:23,83,21.9,-35.0,20.0,0.9997,LORA,83,0,LOST,0.0
2026-06-04 10:11:25,84,22.4,-33.0,20.0,0.9997,LORA,84,0,LOST,0.0
2026-06-04 10:11:27,85,22.4,-34.0,20.0,0.9997,LORA,85,0,LOST,0.0
2026-06-04 10:11:29,86,22.4,-32.0,20.0,0.9997,LORA,86,0,LOST,0.0
2026-06-04 10:11:33,87,22.4,-33.0,20.0,0.9997,LORA,87,0,LOST,0.0
2026-06-04 10:11:35,88,22.4,-32.0,20.0,0.9997,LORA,88,0,LOST,0.0
2026-06-04 10:11:37,89,22.4,-33.0,20.0,0.9997,LORA,89,0,LOST,0.0
2026-06-04 10:11:41,90,26.3,-32.0,20.0,0.9996,LORA,90,0,LOST,0.0
2026-06-04 10:11:45,91,26.3,-33.0,20.0,0.9996,LORA,91,0,LOST,0.0
2026-06-04 10:11:47,92,26.3,-32.0,20.0,0.9996,LORA,92,0,LOST,0.0
2026-06-04 10:11:51,93,26.3,-32.0,20.0,0.9996,LORA,93,0,LOST,0.0
2026-06-04 10:11:53,94,26.3,-32.0,20.0,0.9996,LORA,94,0,LOST,0.0
2026-06-04 10:11:55,95,28.2,-33.0,20.0,0.9996,LORA,95,0,LOST,0.0
2026-06-04 10:11:57,96,28.2,-33.0,20.0,0.9996,LORA,96,0,LOST,0.0
2026-06-04 10:11:59,97,28.2,-32.0,20.0,0.9996,LORA,97,0,LOST,0.0
2026-06-04 10:12:02,98,28.2,-33.0,20.0,0.9996,LORA,98,0,LOST,0.0
2026-06-04 10:12:06,99,28.2,-32.0,20.0,0.9996,LORA,99,0,LOST,0.0
2026-06-04 10:12:09,100,28.2,-34.0,20.0,0.9996,LORA,100,0,LOST,0.0
2026-06-04 10:12:12,101,24.0,-31.0,20.0,0.9997,LORA,101,0,LOST,0.0
2026-06-04 10:12:15,102,24.0,-33.0,20.0,0.9997,LORA,102,0,LOST,0.0
2026-06-04 10:12:17,103,24.0,-31.0,20.0,0.9997,LORA,103,0,LOST,0.0
2026-06-04 10:12:19,104,24.0,-32.0,20.0,0.9997,LORA,104,0,LOST,0.0
2026-06-04 10:12:22,105,24.0,-32.0,20.0,0.9997,LORA,105,0,LOST,0.0
2026-06-04 10:12:23,106,24.0,-32.0,20.0,0.9997,LORA,106,0,LOST,0.0
2026-06-04 10:12:25,107,24.0,-33.0,20.0,0.9997,LORA,107,0,LOST,0.0
2026-06-04 10:12:28,108,24.1,-33.0,20.0,0.9997,LORA,108,0,LOST,0.0
2026-06-04 10:12:31,109,24.1,-33.0,20.0,0.9997,LORA,109,0,LOST,0.0
2026-06-04 10:12:34,110,24.1,-33.0,20.0,0.9997,LORA,110,0,LOST,0.0
2026-06-04 10:12:37,111,24.1,-34.0,20.0,0.9997,LORA,111,0,LOST,0.0
2026-06-04 10:12:39,112,24.1,-31.0,20.0,0.9997,LORA,112,0,LOST,0.0
2026-06-04 10:12:42,113,24.1,-30.0,20.0,0.9997,LORA,113,0,LOST,0.0
2026-06-04 10:12:44,114,22.4,-31.0,20.0,0.9997,LORA,114,0,LOST,0.0
2026-06-04 10:12:46,115,22.4,-32.0,20.0,0.9997,LORA,115,0,LOST,0.0
2026-06-04 10:12:50,116,22.4,-30.0,20.0,0.9997,LORA,116,0,LOST,0.0
2026-06-04 10:12:52,117,22.4,-32.0,20.0,0.9997,LORA,117,0,LOST,0.0
2026-06-04 10:12:53,118,22.4,-38.0,20.0,0.9997,LORA,118,0,LOST,0.0
2026-06-04 10:12:56,119,22.4,-32.0,20.0,0.9997,LORA,119,0,LOST,0.0
2026-06-04 10:12:58,120,22.4,-28.0,20.0,0.9997,LORA,120,0,LOST,0.0
2026-06-04 10:13:02,121,21.8,-21.0,20.0,0.9997,LORA,121,0,LOST,1.0
2026-06-04 10:13:04,122,21.8,-22.0,20.0,0.9997,LORA,122,0,LOST,1.0
2026-06-04 10:13:06,123,21.8,-21.0,20.0,0.9997,LORA,123,0,LOST,1.0
2026-06-04 10:13:08,124,21.8,-22.0,20.0,0.9997,LORA,124,0,LOST,1.0
2026-06-04 10:13:10,125,21.8,-22.0,20.0,0.9997,LORA,125,0,LOST,1.0
2026-06-04 10:13:12,126,21.8,-21.0,20.0,0.9997,LORA,126,0,LOST,1.0
2026-06-04 10:13:14,127,21.8,-22.0,20.0,0.9997,LORA,127,0,LOST,1.0
2026-06-04 10:13:16,128,20.2,-91.0,12.0,0.7897,LORA,128,0,LOST,1.0
2026-06-04 10:13:20,129,20.2,-23.0,20.0,0.9997,LORA,129,0,LOST,1.0
2026-06-04 10:13:22,130,20.2,-24.0,20.0,0.9997,LORA,130,0,LOST,1.0
2026-06-04 10:13:26,131,20.2,-27.0,20.0,0.9997,LORA,131,0,LOST,1.0
2026-06-04 10:13:29,132,20.2,-35.0,20.0,0.9997,LORA,132,0,LOST,1.0
2026-06-04 10:13:32,133,20.0,-22.0,20.0,0.9997,LORA,133,0,LOST,3.0
2026-06-04 10:13:34,134,20.0,-27.0,20.0,0.9997,LORA,134,0,LOST,3.0
2026-06-04 10:13:38,135,20.0,-23.0,20.0,0.9997,LORA,135,0,LOST,3.0
2026-06-04 10:13:40,136,20.0,-24.0,20.0,0.9997,LORA,136,0,LOST,3.0
2026-06-04 10:13:44,137,20.0,-23.0,20.0,0.9997,LORA,137,0,LOST,3.0
2026-06-04 10:13:48,138,20.0,-23.0,20.0,0.9997,LORA,138,0,LOST,3.0
2026-06-04 10:13:50,139,20.0,-23.0,20.0,0.9997,LORA,139,0,LOST,3.0
2026-06-04 10:13:52,140,20.0,-23.0,20.0,0.9997,LORA,140,0,LOST,3.0
2026-06-04 10:13:54,141,20.0,-22.0,20.0,0.9997,LORA,141,0,LOST,3.0
2026-06-04 10:13:58,142,20.0,-22.0,20.0,0.9997,LORA,142,0,LOST,3.0
2026-06-04 10:14:00,143,20.0,-25.0,20.0,0.9997,LORA,143,0,LOST,3.0
2026-06-04 10:14:02,144,20.0,-23.0,20.0,0.9997,LORA,144,0,LOST,3.0
2026-06-04 10:14:04,145,21.2,-23.0,20.0,0.9997,LORA,145,0,LOST,3.0
2026-06-04 10:14:09,146,21.2,-22.0,20.0,0.9997,LORA,146,0,LOST,3.0
2026-06-04 10:14:13,147,21.2,-23.0,20.0,0.9997,LORA,147,0,LOST,3.0
2026-06-04 10:14:18,148,21.2,-25.0,20.0,0.9997,LORA,148,0,LOST,3.0
2026-06-04 10:14:20,149,20.8,-25.0,20.0,0.9997,LORA,149,0,LOST,3.0
2026-06-04 10:14:22,150,20.8,-26.0,20.0,0.9997,LORA,150,0,LOST,3.0
2026-06-04 10:14:24,151,20.8,-25.0,20.0,0.9997,LORA,151,0,LOST,3.0
2026-06-04 10:14:28,152,20.8,-26.0,20.0,0.9997,LORA,152,0,LOST,3.0
2026-06-04 10:14:30,153,20.8,-25.0,20.0,0.9997,LORA,153,0,LOST,3.0
2026-06-04 10:14:34,154,20.8,-25.0,20.0,0.9997,LORA,154,0,LOST,3.0
2026-06-04 10:14:39,155,21.9,-26.0,20.0,0.9997,LORA,155,0,LOST,2.0
2026-06-04 10:14:40,156,21.9,-27.0,20.0,0.9997,LORA,156,0,LOST,2.0
2026-06-04 10:14:42,157,21.9,-28.0,20.0,0.9997,LORA,157,0,LOST,2.0
2026-06-04 10:14:44,158,21.9,-25.0,20.0,0.9997,LORA,158,0,LOST,2.0
2026-06-04 10:14:48,159,21.9,-25.0,20.0,0.9997,LORA,159,0,LOST,2.0
2026-06-04 10:14:50,160,21.9,-31.0,20.0,0.9997,LORA,160,0,LOST,2.0
2026-06-04 10:14:53,161,24.6,-26.0,20.0,0.9997,LORA,161,0,LOST,2.0
2026-06-04 10:14:54,162,24.6,-25.0,20.0,0.9997,LORA,162,0,LOST,2.0
2026-06-04 10:14:58,163,24.6,-33.0,20.0,0.9997,LORA,163,0,LOST,2.0
2026-06-04 10:15:02,164,24.6,-26.0,20.0,0.9997,LORA,164,0,LOST,2.0
2026-06-04 10:15:04,165,24.6,-28.0,20.0,0.9997,LORA,165,0,LOST,2.0
2026-06-04 10:15:08,166,25.2,-29.0,20.0,0.9997,LORA,166,0,LOST,34.0
2026-06-04 10:15:10,167,25.2,-30.0,20.0,0.9997,LORA,167,0,LOST,34.0
2026-06-04 10:15:12,168,25.2,-33.0,20.0,0.9997,LORA,168,0,LOST,34.0
2026-06-04 10:15:15,169,25.2,-28.0,20.0,0.9997,LORA,169,0,LOST,34.0
2026-06-04 10:15:18,170,25.2,-34.0,20.0,0.9997,LORA,170,0,LOST,34.0
2026-06-04 10:15:20,171,25.2,-27.0,20.0,0.9997,LORA,171,0,LOST,34.0
2026-06-04 10:15:23,172,25.2,-32.0,20.0,0.9997,LORA,172,0,LOST,34.0
2026-06-04 10:15:25,173,26.0,-31.0,20.0,0.9997,LORA,173,0,LOST,34.0
2026-06-04 10:15:27,174,26.0,-26.0,20.0,0.9997,LORA,174,0,LOST,34.0
2026-06-04 10:15:29,175,26.0,-29.0,20.0,0.9997,LORA,175,0,LOST,34.0
2026-06-04 10:15:31,176,26.0,-28.0,20.0,0.9997,LORA,176,0,LOST,34.0
2026-06-04 10:15:32,177,26.0,-31.0,20.0,0.9997,LORA,177,0,LOST,34.0
2026-06-04 10:15:35,178,26.0,-27.0,20.0,0.9997,LORA,178,0,LOST,34.0
2026-06-04 10:15:37,179,26.0,-26.0,20.0,0.9997,LORA,179,0,LOST,34.0
2026-06-04 10:15:40,180,26.0,-27.0,20.0,0.9997,LORA,180,0,LOST,34.0
2026-06-04 10:15:43,181,26.1,-27.0,20.0,0.9997,LORA,181,0,LOST,3.0
2026-06-04 10:15:45,182,26.1,-26.0,20.0,0.9997,LORA,182,0,LOST,3.0
2026-06-04 10:15:50,183,26.1,-27.0,20.0,0.9997,LORA,183,0,LOST,3.0
2026-06-04 10:15:53,184,26.1,-28.0,20.0,0.9997,LORA,184,0,LOST,3.0
2026-06-04 10:15:55,185,25.1,-27.0,20.0,0.9997,LORA,185,0,LOST,3.0
2026-06-04 10:15:57,186,25.1,-28.0,20.0,0.9997,LORA,186,0,LOST,3.0
2026-06-04 10:15:59,187,25.1,-28.0,20.0,0.9997,LORA,187,0,LOST,3.0
2026-06-04 10:16:03,188,25.1,-30.0,20.0,0.9997,LORA,188,0,LOST,3.0
2026-06-04 10:16:05,189,25.1,-27.0,20.0,0.9997,LORA,189,0,LOST,3.0
2026-06-04 10:16:07,190,25.1,-28.0,20.0,0.9997,LORA,190,0,LOST,3.0
2026-06-04 10:16:11,191,22.6,-27.0,20.0,0.9997,LORA,191,0,LOST,3.0
2026-06-04 10:16:13,192,22.6,-24.0,20.0,0.9997,LORA,192,0,LOST,3.0
2026-06-04 10:16:15,193,22.6,-25.0,20.0,0.9997,LORA,193,0,LOST,3.0
2026-06-04 10:16:18,194,22.6,-26.0,20.0,0.9997,LORA,194,0,LOST,3.0
2026-06-04 10:16:21,195,22.6,-29.0,20.0,0.9997,LORA,195,0,LOST,3.0
2026-06-04 10:16:23,196,22.6,-27.0,20.0,0.9997,LORA,196,0,LOST,3.0
2026-06-04 10:16:25,197,22.6,-27.0,20.0,0.9997,LORA,197,0,LOST,3.0
2026-06-04 10:16:27,198,23.3,-27.0,20.0,0.9997,LORA,198,0,LOST,3.0
2026-06-04 10:16:29,199,23.3,-26.0,20.0,0.9997,LORA,199,0,LOST,3.0
2026-06-04 10:16:32,200,23.3,-26.0,20.0,0.9997,LORA,200,0,LOST,3.0
2026-06-04 10:16:34,201,23.3,-26.0,20.0,0.9997,LORA,201,0,LOST,3.0
2026-06-04 10:16:36,202,23.3,-26.0,20.0,0.9997,LORA,202,0,LOST,3.0
2026-06-04 10:16:38,203,23.3,-26.0,20.0,0.9997,LORA,203,0,LOST,3.0
2026-06-04 10:16:40,204,23.3,-28.0,20.0,0.9997,LORA,204,0,LOST,3.0
2026-06-04 10:16:43,205,22.2,-25.0,20.0,0.9997,LORA,205,0,LOST,3.0
2026-06-04 10:16:46,206,22.2,-26.0,20.0,0.9997,LORA,206,0,LOST,3.0
2026-06-04 10:16:48,207,22.2,-27.0,20.0,0.9997,LORA,207,0,LOST,3.0
2026-06-04 10:16:50,208,22.2,-26.0,20.0,0.9997,LORA,208,0,LOST,3.0
2026-06-04 10:16:53,209,22.2,-27.0,20.0,0.9997,LORA,209,0,LOST,3.0
2026-06-04 10:16:53,210,22.2,-27.0,20.0,0.9997,LORA,210,0,LOST,3.0
2026-06-04 10:16:56,211,22.2,-26.0,20.0,0.9997,LORA,211,0,LOST,3.0
2026-06-04 10:16:58,212,22.2,-26.0,20.0,0.9997,LORA,212,0,LOST,3.0
2026-06-04 10:17:00,213,22.3,-25.0,20.0,0.9997,LORA,213,0,LOST,3.0
2026-06-04 10:17:02,214,22.3,-28.0,20.0,0.9997,LORA,214,0,LOST,3.0
2026-06-04 10:17:06,215,22.3,-26.0,20.0,0.9997,LORA,215,0,LOST,3.0
2026-06-04 10:17:08,216,22.3,-26.0,20.0,0.9997,LORA,216,0,LOST,3.0
2026-06-04 10:17:10,217,22.3,-27.0,20.0,0.9997,LORA,217,0,LOST,3.0
2026-06-04 10:17:15,218,22.3,-27.0,20.0,0.9997,LORA,218,0,LOST,3.0
2026-06-04 10:17:15,219,22.3,-27.0,20.0,0.9997,LORA,219,0,LOST,3.0
2026-06-04 10:17:16,220,20.8,-34.0,20.0,0.9997,LORA,220,0,LOST,3.0
2026-06-04 10:17:18,221,20.8,-26.0,20.0,0.9997,LORA,221,0,LOST,3.0
2026-06-04 10:17:20,222,20.8,-25.0,20.0,0.9997,LORA,222,0,LOST,3.0
2026-06-04 10:17:22,223,20.8,-26.0,20.0,0.9997,LORA,223,0,LOST,3.0
2026-06-04 10:17:24,224,20.8,-27.0,20.0,0.9997,LORA,224,0,LOST,3.0
2026-06-04 10:17:28,225,20.8,-26.0,20.0,0.9997,LORA,225,0,LOST,3.0
2026-06-04 10:17:30,226,20.8,-26.0,20.0,0.9997,LORA,226,0,LOST,3.0
2026-06-04 10:17:32,227,20.5,-27.0,20.0,0.9997,LORA,227,0,LOST,3.0
2026-06-04 10:17:35,228,20.5,-27.0,20.0,0.9997,LORA,228,0,LOST,3.0
2026-06-04 10:17:38,229,20.5,-27.0,20.0,0.9997,LORA,229,0,LOST,3.0
2026-06-04 10:17:40,230,20.5,-27.0,20.0,0.9997,LORA,230,0,LOST,3.0
2026-06-04 10:17:43,231,20.5,-27.0,20.0,0.9997,LORA,231,0,LOST,3.0
2026-06-04 10:17:44,232,20.5,-27.0,20.0,0.9997,LORA,232,0,LOST,3.0
2026-06-04 10:17:48,233,19.3,-36.0,20.0,0.9997,LORA,233,0,LOST,55.0
2026-06-04 10:17:50,234,19.3,-41.0,20.0,0.9997,LORA,234,0,LOST,55.0
2026-06-04 10:17:52,235,19.3,-23.0,20.0,0.9997,LORA,235,0,LOST,55.0
2026-06-04 10:17:55,236,19.3,-38.0,20.0,0.9997,LORA,236,0,LOST,55.0
2026-06-04 10:17:58,237,19.3,-31.0,20.0,0.9997,LORA,237,0,LOST,55.0
2026-06-04 10:18:00,238,19.3,-26.0,20.0,0.9997,LORA,238,0,LOST,55.0
2026-06-04 10:18:02,239,19.3,-38.0,20.0,0.9997,LORA,239,0,LOST,55.0
2026-06-04 10:18:04,240,17.1,-28.0,20.0,0.9998,LORA,240,0,LOST,55.0
2026-06-04 10:18:08,241,17.1,-33.0,20.0,0.9998,LORA,241,0,LOST,55.0
2026-06-04 10:18:10,242,17.1,-31.0,20.0,0.9998,LORA,242,0,LOST,55.0
2026-06-04 10:18:12,243,17.1,-34.0,20.0,0.9998,LORA,243,0,LOST,55.0
2026-06-04 10:18:15,244,17.1,-32.0,20.0,0.9998,LORA,244,0,LOST,55.0
2026-06-04 10:18:19,245,17.1,-36.0,20.0,0.9998,LORA,245,0,LOST,55.0
2026-06-04 10:18:22,246,16.1,-46.0,20.0,0.9998,LORA,246,0,LOST,3.0
2026-06-04 10:18:24,247,16.1,-47.0,20.0,0.9998,LORA,247,0,LOST,3.0
2026-06-04 10:18:26,248,16.1,-36.0,20.0,0.9998,LORA,248,0,LOST,3.0
2026-06-04 10:18:30,249,16.1,-37.0,20.0,0.9998,LORA,249,0,LOST,3.0
2026-06-04 10:18:33,250,16.1,-44.0,20.0,0.9998,LORA,250,0,LOST,3.0
2026-06-04 10:18:35,251,16.1,-40.0,20.0,0.9998,LORA,251,0,LOST,3.0
2026-06-04 10:18:37,252,16.1,-31.0,20.0,0.9998,LORA,252,0,LOST,3.0
2026-06-04 10:18:39,253,16.1,-46.0,20.0,0.9998,LORA,253,0,LOST,3.0
2026-06-04 10:18:41,254,16.1,-55.0,20.0,0.9998,LORA,254,0,LOST,3.0
2026-06-04 10:18:42,255,16.1,-49.0,20.0,0.9998,LORA,255,0,LOST,3.0
2026-06-04 10:18:45,256,16.1,-55.0,20.0,0.9998,LORA,256,0,LOST,3.0
2026-06-04 10:18:47,257,16.1,-61.0,20.0,0.9998,LORA,257,0,LOST,3.0
2026-06-04 10:18:49,258,16.1,-56.0,20.0,0.9998,LORA,258,0,LOST,3.0
2026-06-04 10:18:51,259,16.1,-67.0,20.0,0.9998,LORA,259,0,LOST,3.0
2026-06-04 10:18:54,260,31.6,-56.0,20.0,0.9996,LORA,260,0,LOST,35.0
2026-06-04 10:18:57,261,31.6,-72.0,20.0,0.9796,LORA,261,0,LOST,35.0
2026-06-04 10:18:59,262,31.6,-69.0,20.0,0.9996,LORA,262,0,LOST,35.0
2026-06-04 10:19:01,263,31.6,-101.0,2.0,0.6096,SWITCHING,263,0,LOST,35.0
2026-06-04 10:19:03,264,31.6,-74.0,20.0,0.9596,LORA,264,0,LOST,35.0
2026-06-04 10:19:07,265,31.6,-69.0,20.0,0.9996,LORA,265,0,LOST,35.0
2026-06-04 10:19:09,266,48.4,-81.0,20.0,0.8894,LORA,266,0,LOST,35.0
2026-06-04 10:19:11,267,48.4,-71.0,20.0,0.9894,LORA,267,0,LOST,35.0
2026-06-04 10:19:13,268,48.4,-72.0,20.0,0.9794,LORA,268,0,LOST,35.0
2026-06-04 10:19:16,269,48.4,-87.0,16.0,0.8294,LORA,269,0,LOST,35.0
2026-06-04 10:19:17,270,48.4,-74.0,20.0,0.9594,LORA,270,0,LOST,35.0
2026-06-04 10:19:19,271,48.4,-77.0,20.0,0.9294,LORA,271,0,LOST,35.0
2026-06-04 10:19:21,272,48.4,-86.0,17.0,0.8394,LORA,272,0,LOST,35.0
2026-06-04 10:19:23,273,62.9,-72.0,20.0,0.9792,LORA,273,0,LOST,35.0
2026-06-04 10:19:25,274,62.9,-91.0,12.0,0.7892,LORA,274,0,LOST,51.0
2026-06-04 10:19:28,275,62.9,-77.0,20.0,0.9292,LORA,275,0,LOST,51.0
2026-06-04 10:19:30,276,62.9,-75.0,20.0,0.9492,LORA,276,0,LOST,51.0
2026-06-04 10:19:31,277,62.9,-63.0,20.0,0.9992,LORA,277,0,LOST,51.0
2026-06-04 10:19:33,278,62.9,-65.0,20.0,0.9992,LORA,278,0,LOST,51.0
2026-06-04 10:19:35,279,62.9,-82.0,20.0,0.8792,LORA,279,0,LOST,51.0
2026-06-04 10:19:40,280,65.2,-74.0,20.0,0.9591,LORA,280,0,LOST,51.0
2026-06-04 10:19:42,281,65.2,-87.0,20.0,0.8291,LORA,281,0,LOST,51.0
2026-06-04 10:19:46,282,65.2,-81.0,20.0,0.8891,LORA,282,0,LOST,51.0
2026-06-04 10:19:47,283,65.2,-75.0,20.0,0.9491,LORA,283,0,LOST,51.0
2026-06-04 10:19:49,284,65.2,-74.0,20.0,0.9591,LORA,284,0,LOST,51.0
2026-06-04 10:19:51,285,65.2,-81.0,20.0,0.8891,LORA,285,0,LOST,51.0
2026-06-04 10:19:53,286,65.2,-93.0,20.0,0.7691,LORA,286,0,LOST,51.0
2026-06-04 10:19:57,287,72.0,-83.0,20.0,0.869,LORA,287,0,LOST,6.0
2026-06-04 10:19:59,288,72.0,-86.0,20.0,0.839,LORA,288,0,LOST,6.0
2026-06-04 10:20:02,289,72.0,-84.0,18.0,0.859,LORA,289,0,LOST,6.0
2026-06-04 10:20:06,290,72.0,-84.0,18.0,0.859,LORA,290,0,LOST,6.0
2026-06-04 10:20:08,291,72.0,-88.0,14.0,0.819,LORA,291,0,LOST,6.0
2026-06-04 10:20:09,292,72.0,-82.0,20.0,0.879,LORA,292,0,LOST,6.0
2026-06-04 10:20:11,293,78.5,-85.0,17.0,0.849,LORA,293,0,LOST,6.0
2026-06-04 10:20:14,294,78.5,-90.0,12.0,0.799,LORA,294,0,LOST,6.0
2026-06-04 10:20:18,295,78.5,-88.0,14.0,0.819,LORA,295,0,LOST,6.0
2026-06-04 10:20:22,296,78.5,-89.0,13.0,0.809,LORA,296,0,LOST,6.0
2026-06-04 10:20:23,297,78.5,-95.0,7.0,0.719,SWITCHING,297,0,LOST,6.0
2026-06-04 10:20:26,298,78.5,-93.0,9.0,0.759,LORA,298,0,LOST,6.0
2026-06-04 10:20:30,299,88.3,-91.0,11.0,0.7888,LORA,299,0,LOST,23.0
2026-06-04 10:20:34,300,88.3,-94.0,20.0,0.7588,LORA,300,0,LOST,23.0
2026-06-04 10:20:35,301,88.3,-96.0,20.0,0.7388,SWITCHING,301,0,LOST,23.0
2026-06-04 10:20:38,302,88.3,-88.0,20.0,0.8188,LORA,302,0,LOST,23.0
2026-06-04 10:20:40,303,88.3,-94.0,20.0,0.7588,LORA,303,0,LOST,23.0
2026-06-04 10:20:43,304,88.3,-98.0,20.0,0.7188,SWITCHING,304,0,LOST,23.0
2026-06-04 10:20:44,305,111.9,-103.0,20.0,0.6685,SWITCHING,305,0,LOST,23.0
2026-06-04 10:20:46,306,111.9,-94.0,20.0,0.7585,LORA,306,0,LOST,23.0
2026-06-04 10:20:48,307,111.9,-100.0,20.0,0.6985,SWITCHING,307,0,LOST,23.0
2026-06-04 10:20:50,308,111.9,-100.0,20.0,0.6985,SWITCHING,308,0,LOST,23.0
2026-06-04 10:20:53,309,111.9,-102.0,20.0,0.6785,SWITCHING,309,0,LOST,23.0
2026-06-04 10:20:54,310,111.9,-97.0,20.0,0.7285,LORA,310,0,LOST,23.0
2026-06-04 10:20:58,311,111.9,-99.0,20.0,0.7085,SWITCHING,311,0,LOST,23.0
2026-06-04 10:21:00,312,105.3,-102.0,20.0,0.6786,SWITCHING,312,0,LOST,38.0
2026-06-04 10:21:02,313,105.3,-102.0,20.0,0.6786,SWITCHING,313,0,LOST,38.0
2026-06-04 10:21:04,314,105.3,-102.0,20.0,0.6786,SWITCHING,314,0,LOST,38.0
2026-06-04 10:21:08,315,105.3,-100.0,20.0,0.6986,SWITCHING,315,0,LOST,38.0
2026-06-04 10:21:10,316,105.3,-99.0,20.0,0.7086,LORA,316,0,LOST,38.0
2026-06-04 10:21:12,317,105.3,-100.0,20.0,0.6986,SWITCHING,317,0,LOST,38.0
2026-06-04 10:21:14,318,105.3,-100.0,20.0,0.6986,SWITCHING,318,0,LOST,38.0
2026-06-04 10:21:18,319,100.1,-100.0,20.0,0.6987,SWITCHING,319,0,LOST,38.0
2026-06-04 10:21:20,320,100.1,-100.0,20.0,0.6987,SWITCHING,320,0,LOST,38.0
2026-06-04 10:21:22,321,100.1,-100.0,20.0,0.6987,SWITCHING,321,0,LOST,38.0
2026-06-04 10:21:24,322,100.1,-100.0,20.0,0.6987,SWITCHING,322,0,LOST,38.0
2026-06-04 10:21:28,323,100.1,-101.0,20.0,0.6887,SWITCHING,323,0,LOST,38.0
2026-06-04 10:21:30,324,100.1,-100.0,20.0,0.6987,SWITCHING,324,0,LOST,38.0
2026-06-04 10:21:34,325,96.0,-103.0,0.0,0.5687,SWITCHING,325,0,LOST,12.0
2026-06-04 10:21:38,326,96.0,-101.0,2.0,0.6087,SWITCHING,326,0,LOST,12.0
2026-06-04 10:21:40,327,96.0,-101.0,2.0,0.6087,SWITCHING,327,0,LOST,12.0
2026-06-04 10:21:42,328,96.0,-101.0,2.0,0.6087,SWITCHING,328,0,LOST,12.0
2026-06-04 10:21:44,329,96.0,-101.0,2.0,0.6087,SWITCHING,329,0,LOST,12.0
2026-06-04 10:21:48,330,96.0,-97.0,6.0,0.6887,SWITCHING,330,0,LOST,12.0
2026-06-04 10:21:50,331,96.0,-100.0,3.0,0.6287,SWITCHING,331,0,LOST,12.0
2026-06-04 10:21:54,332,96.0,-100.0,3.0,0.6287,SWITCHING,332,0,LOST,12.0
2026-06-04 10:21:58,333,96.0,-101.0,2.0,0.6087,SWITCHING,333,0,LOST,12.0
2026-06-04 10:22:00,334,96.0,-101.0,2.0,0.6087,SWITCHING,334,0,LOST,12.0
2026-06-04 10:22:04,335,96.1,-102.0,2.0,0.5987,SWITCHING,335,0,LOST,57.0
2026-06-04 10:22:08,336,96.1,-102.0,2.0,0.5987,SWITCHING,336,0,LOST,57.0
2026-06-04 10:22:10,337,96.1,-103.0,1.0,0.5787,SWITCHING,337,0,LOST,57.0
2026-06-04 10:22:13,338,96.1,-102.0,2.0,0.5987,SWITCHING,338,0,LOST,57.0
2026-06-04 10:22:14,339,96.1,-102.0,2.0,0.5987,SWITCHING,339,0,LOST,57.0
2026-06-04 10:22:18,340,96.1,-102.0,2.0,0.5987,SWITCHING,340,0,LOST,57.0
2026-06-04 10:22:20,341,96.1,-101.0,3.0,0.6187,SWITCHING,341,0,LOST,57.0
2026-06-04 10:22:22,342,96.1,-103.0,1.0,0.5787,SWITCHING,342,0,LOST,57.0
2026-06-04 10:22:24,343,96.1,-101.0,3.0,0.6187,SWITCHING,343,0,LOST,57.0
2026-06-04 10:22:29,344,96.1,-103.0,1.0,0.5787,SWITCHING,344,0,LOST,57.0
2026-06-04 10:22:32,345,96.1,-101.0,3.0,0.6187,SWITCHING,345,0,LOST,57.0
2026-06-04 10:22:34,346,96.1,-101.0,3.0,0.6187,SWITCHING,346,0,LOST,57.0
2026-06-04 10:22:38,347,94.5,-97.0,7.0,0.6987,SWITCHING,347,0,LOST,20.0
2026-06-04 10:22:41,348,94.5,-98.0,6.0,0.6787,SWITCHING,348,0,LOST,20.0
2026-06-04 10:22:45,349,94.5,-95.0,9.0,0.7387,LORA,349,0,LOST,20.0
2026-06-04 10:22:48,350,94.5,-98.0,6.0,0.6787,SWITCHING,350,0,LOST,20.0
2026-06-04 10:22:50,351,94.5,-98.0,6.0,0.6787,SWITCHING,351,0,LOST,20.0
2026-06-04 10:22:52,352,98.5,-91.0,13.0,0.7887,LORA,352,0,LOST,20.0
2026-06-04 10:22:54,353,98.5,-91.0,13.0,0.7887,LORA,353,0,LOST,20.0
2026-06-04 10:22:57,354,98.5,-102.0,2.0,0.5987,SWITCHING,354,0,LOST,20.0
2026-06-04 10:23:00,355,98.5,-87.0,17.0,0.8287,LORA,355,0,LOST,20.0
2026-06-04 10:23:02,356,98.5,-97.0,6.0,0.6887,SWITCHING,356,0,LOST,20.0
2026-06-04 10:23:04,357,98.5,-88.0,15.0,0.8187,LORA,357,0,LOST,20.0
2026-06-04 10:23:07,358,98.5,-100.0,3.0,0.6287,SWITCHING,358,0,LOST,20.0
2026-06-04 10:23:11,359,89.2,-84.0,19.0,0.8588,LORA,359,0,LOST,78.0
2026-06-04 10:23:13,360,89.2,-88.0,15.0,0.8188,LORA,360,0,LOST,78.0
2026-06-04 10:23:17,361,89.2,-81.0,20.0,0.8888,LORA,361,0,LOST,78.0
2026-06-04 10:23:19,362,89.2,-87.0,16.0,0.8288,LORA,362,0,LOST,78.0
2026-06-04 10:23:21,363,89.2,-81.0,20.0,0.8888,LORA,363,0,LOST,78.0
2026-06-04 10:23:23,364,89.2,-79.0,20.0,0.9088,LORA,364,0,LOST,78.0
2026-06-04 10:23:25,365,75.3,-83.0,20.0,0.869,LORA,365,0,LOST,78.0
2026-06-04 10:23:27,366,75.3,-80.0,20.0,0.899,LORA,366,0,LOST,78.0
2026-06-04 10:23:31,367,75.3,-89.0,14.0,0.809,LORA,367,0,LOST,78.0
2026-06-04 10:23:33,368,75.3,-88.0,15.0,0.819,LORA,368,0,LOST,78.0
2026-06-04 10:23:35,369,75.3,-90.0,13.0,0.799,LORA,369,0,LOST,78.0
2026-06-04 10:23:37,370,75.3,-92.0,11.0,0.779,LORA,370,0,LOST,78.0
2026-06-04 10:23:39,371,75.3,-94.0,9.0,0.749,SWITCHING,371,0,LOST,78.0
2026-06-04 10:23:41,372,81.9,-91.0,12.0,0.7889,LORA,372,0,LOST,72.0
2026-06-04 10:23:43,373,81.9,-93.0,10.0,0.7689,LORA,373,0,LOST,72.0
2026-06-04 10:23:45,374,81.9,-101.0,2.0,0.6089,SWITCHING,374,0,LOST,72.0
2026-06-04 10:23:47,375,81.9,-100.0,3.0,0.6289,SWITCHING,375,0,LOST,72.0
2026-06-04 10:23:49,376,81.9,-98.0,5.0,0.6689,SWITCHING,376,0,LOST,72.0
2026-06-04 10:23:51,377,81.9,-98.0,5.0,0.6689,SWITCHING,377,0,LOST,72.0
2026-06-04 10:23:53,378,81.9,-99.0,4.0,0.6489,SWITCHING,378,0,LOST,72.0
2026-06-04 10:23:57,379,86.4,-93.0,10.0,0.7688,LORA,379,0,LOST,72.0
2026-06-04 10:23:57,380,86.4,-92.0,11.0,0.7788,LORA,380,0,LOST,72.0
2026-06-04 10:23:59,381,86.4,-92.0,11.0,0.7788,LORA,381,0,LOST,72.0
2026-06-04 10:24:03,382,86.4,-93.0,10.0,0.7688,LORA,382,0,LOST,72.0
2026-06-04 10:24:05,383,86.4,-92.0,11.0,0.7788,LORA,383,0,LOST,72.0
2026-06-04 10:24:10,384,86.4,-97.0,6.0,0.6888,SWITCHING,384,0,LOST,72.0
2026-06-04 10:24:13,385,80.2,-91.0,12.0,0.7889,LORA,385,0,LOST,56.0
2026-06-04 10:24:15,386,80.2,-88.0,15.0,0.8189,LORA,386,0,LOST,56.0
2026-06-04 10:24:17,387,80.2,-91.0,12.0,0.7889,LORA,387,0,LOST,56.0
2026-06-04 10:24:19,388,80.2,-90.0,13.0,0.7989,LORA,388,0,LOST,56.0
2026-06-04 10:24:22,389,80.2,-93.0,10.0,0.7689,LORA,389,0,LOST,56.0
2026-06-04 10:24:25,390,80.2,-95.0,8.0,0.7289,SWITCHING,390,0,LOST,56.0
2026-06-04 10:24:27,391,75.1,-87.0,16.0,0.829,LORA,391,0,LOST,56.0
2026-06-04 10:24:29,392,75.1,-92.0,11.0,0.779,LORA,392,0,LOST,56.0
2026-06-04 10:24:33,393,75.1,-100.0,3.0,0.629,SWITCHING,393,0,LOST,56.0
2026-06-04 10:24:37,394,75.1,-99.0,4.0,0.649,SWITCHING,394,0,LOST,56.0
2026-06-04 10:24:41,395,75.1,-91.0,12.0,0.789,LORA,395,0,LOST,56.0
2026-06-04 10:24:43,396,82.9,-92.0,11.0,0.7789,LORA,396,0,LOST,56.0
2026-06-04 10:24:45,397,82.9,-88.0,15.0,0.8189,LORA,397,0,LOST,85.0
2026-06-04 10:24:47,398,82.9,-91.0,12.0,0.7889,LORA,398,0,LOST,85.0
2026-06-04 10:24:49,399,82.9,-90.0,13.0,0.7989,LORA,399,0,LOST,85.0
2026-06-04 10:24:53,400,82.9,-96.0,7.0,0.7089,SWITCHING,400,0,LOST,85.0
2026-06-04 10:24:57,401,82.9,-95.0,8.0,0.7289,LORA,401,0,LOST,85.0
2026-06-04 10:24:59,402,86.4,-96.0,7.0,0.7088,SWITCHING,402,0,LOST,85.0
2026-06-04 10:25:03,403,86.4,-94.0,9.0,0.7488,LORA,403,0,LOST,85.0
2026-06-04 10:25:08,404,86.4,-95.0,8.0,0.7288,SWITCHING,404,0,LOST,85.0
2026-06-04 10:25:09,405,86.4,-102.0,1.0,0.5888,SWITCHING,405,0,LOST,85.0
2026-06-04 10:25:11,406,86.4,-98.0,5.0,0.6688,SWITCHING,406,0,LOST,85.0
2026-06-04 10:25:13,407,86.4,-103.0,0.0,0.5688,SWITCHING,407,0,LOST,85.0
2026-06-04 10:25:15,408,91.5,-93.0,10.0,0.7688,LORA,408,0,LOST,85.0
2026-06-04 10:25:17,409,91.5,-100.0,3.0,0.6288,SWITCHING,409,0,LOST,981.0
2026-06-04 10:25:19,410,91.5,-95.0,8.0,0.7288,LORA,410,0,LOST,981.0
2026-06-04 10:35:21,411,277.7,-100.0,2.0,0.6163,SWITCHING,411,0,LOST,243.0
2026-06-04 10:36:51,412,149.8,-92.0,12.0,0.778,LORA,412,0,LOST,78.0
2026-06-04 10:36:54,413,149.8,-88.0,16.0,0.818,LORA,413,0,LOST,78.0
2026-06-04 10:36:55,414,149.8,-90.0,14.0,0.798,LORA,414,0,LOST,78.0
2026-06-04 10:36:59,415,149.8,-80.0,20.0,0.898,LORA,415,0,LOST,78.0
2026-06-04 10:37:03,416,132.0,-82.0,20.0,0.8782,LORA,416,0,LOST,699.0
2026-06-04 10:37:06,417,132.0,-82.0,20.0,0.8782,LORA,417,0,LOST,699.0
2026-06-04 10:37:07,418,132.0,-82.0,20.0,0.8782,LORA,418,0,LOST,699.0
2026-06-04 10:37:09,419,132.0,-89.0,14.0,0.8082,LORA,419,0,LOST,699.0
2026-06-04 10:37:11,420,132.0,-88.0,15.0,0.8182,LORA,420,0,LOST,699.0
2026-06-04 10:37:13,421,132.0,-83.0,20.0,0.8682,LORA,421,0,LOST,699.0
2026-06-04 10:37:15,422,132.0,-87.0,16.0,0.8282,LORA,422,0,LOST,699.0
2026-06-04 10:37:17,423,112.3,-89.0,14.0,0.8085,LORA,423,0,LOST,699.0
2026-06-04 10:37:19,424,112.3,-88.0,15.0,0.8185,LORA,424,0,LOST,699.0
2026-06-04 10:37:22,425,112.3,-97.0,6.0,0.6885,SWITCHING,425,0,LOST,699.0
2026-06-04 10:37:24,426,112.3,-97.0,6.0,0.6885,SWITCHING,426,0,LOST,699.0
2026-06-04 10:37:27,427,112.3,-99.0,4.0,0.6485,SWITCHING,427,0,LOST,699.0
2026-06-04 10:37:27,428,112.3,-88.0,15.0,0.8185,LORA,428,0,LOST,699.0
2026-06-04 10:37:29,429,112.3,-90.0,13.0,0.7985,LORA,429,0,LOST,699.0
2026-06-04 10:37:33,430,92.8,-84.0,19.0,0.8588,LORA,430,0,LOST,921.0
2026-06-04 10:37:35,431,92.8,-99.0,4.0,0.6488,SWITCHING,431,0,LOST,921.0
2026-06-04 10:37:39,432,92.8,-96.0,7.0,0.7088,LORA,432,0,LOST,921.0
2026-06-04 10:37:42,433,92.8,-95.0,8.0,0.7288,SWITCHING,433,0,LOST,921.0
2026-06-04 10:37:43,434,92.8,-97.0,6.0,0.6888,SWITCHING,434,0,LOST,921.0
2026-06-04 10:37:45,435,92.8,-93.0,10.0,0.7688,LORA,435,0,LOST,921.0
2026-06-04 10:37:47,436,69.5,-88.0,20.0,0.8191,LORA,436,0,LOST,921.0
2026-06-04 10:37:49,437,69.5,-87.0,20.0,0.8291,LORA,437,0,LOST,921.0
2026-06-04 10:37:51,438,69.5,-85.0,20.0,0.8491,LORA,438,0,LOST,921.0
2026-06-04 10:37:53,439,69.5,-89.0,20.0,0.8091,LORA,439,0,LOST,921.0
2026-06-04 10:37:58,440,69.5,-90.0,20.0,0.7991,LORA,440,0,LOST,921.0
2026-06-04 10:37:59,441,69.5,-96.0,20.0,0.7391,SWITCHING,441,0,LOST,921.0
2026-06-04 10:38:03,442,53.7,-88.0,15.0,0.8193,LORA,442,0,LOST,921.0
2026-06-04 10:38:05,443,53.7,-87.0,16.0,0.8293,LORA,443,0,LOST,33.0
2026-06-04 10:38:07,444,53.7,-90.0,13.0,0.7993,LORA,444,0,LOST,33.0
2026-06-04 10:38:09,445,53.7,-101.0,2.0,0.6093,SWITCHING,445,0,LOST,33.0
2026-06-04 10:38:11,446,53.7,-85.0,18.0,0.8493,LORA,446,0,LOST,33.0
2026-06-04 10:38:14,447,53.7,-90.0,13.0,0.7993,LORA,447,0,LOST,33.0
2026-06-04 10:38:17,448,53.7,-99.0,5.0,0.6593,SWITCHING,448,0,LOST,33.0
2026-06-04 10:38:19,449,49.1,-91.0,13.0,0.7893,LORA,449,0,LOST,33.0
2026-06-04 10:38:22,450,49.1,-87.0,17.0,0.8293,LORA,450,0,LOST,33.0
2026-06-04 10:38:23,451,49.1,-83.0,20.0,0.8693,LORA,451,0,LOST,33.0
2026-06-04 10:38:25,452,49.1,-82.0,20.0,0.8793,LORA,452,0,LOST,33.0
2026-06-04 10:38:28,453,49.1,-87.0,17.0,0.8293,LORA,453,0,LOST,33.0
2026-06-04 10:38:30,454,49.1,-78.0,20.0,0.9193,LORA,454,0,LOST,33.0
2026-06-04 10:38:33,455,49.1,-82.0,20.0,0.8793,LORA,455,0,LOST,33.0
2026-06-04 10:38:35,456,38.3,-80.0,20.0,0.8995,LORA,456,0,LOST,33.0
2026-06-04 10:38:37,457,38.3,-88.0,16.0,0.8195,LORA,457,0,LOST,34.0
2026-06-04 10:38:39,458,38.3,-78.0,20.0,0.9195,LORA,458,0,LOST,34.0
2026-06-04 10:38:41,459,38.3,-86.0,18.0,0.8395,LORA,459,0,LOST,34.0
2026-06-04 10:38:44,460,38.3,-87.0,17.0,0.8295,LORA,460,0,LOST,34.0
2026-06-04 10:38:46,461,38.3,-74.0,20.0,0.9595,LORA,461,0,LOST,34.0
2026-06-04 10:38:49,462,38.3,-71.0,20.0,0.9895,LORA,462,0,LOST,34.0
2026-06-04 10:38:51,463,23.7,-82.0,12.0,0.8797,LORA,463,0,LOST,34.0
2026-06-04 10:38:54,464,23.7,-73.0,20.0,0.9697,LORA,464,0,LOST,34.0
2026-06-04 10:38:56,465,23.7,-76.0,18.0,0.9397,LORA,465,0,LOST,34.0
2026-06-04 10:38:57,466,23.7,-71.0,20.0,0.9897,LORA,466,0,LOST,34.0
2026-06-04 10:39:00,467,23.7,-78.0,16.0,0.9197,LORA,467,0,LOST,34.0
2026-06-04 10:39:04,468,23.7,-65.0,20.0,0.9997,LORA,468,0,LOST,34.0
2026-06-04 10:39:05,469,23.7,-80.0,20.0,0.8997,LORA,469,0,LOST,34.0
2026-06-04 10:39:08,470,23.6,-83.0,20.0,0.8697,LORA,470,0,LOST,13.0
2026-06-04 10:39:09,471,23.6,-69.0,20.0,0.9997,LORA,471,0,LOST,13.0
2026-06-04 10:39:13,472,23.6,-69.0,20.0,0.9997,LORA,472,0,LOST,13.0
2026-06-04 10:39:14,473,23.6,-76.0,20.0,0.9397,LORA,473,0,LOST,13.0
2026-06-04 10:39:19,474,23.6,-70.0,20.0,0.9997,LORA,474,0,LOST,13.0
2026-06-04 10:39:21,475,23.6,-68.0,20.0,0.9997,LORA,475,0,LOST,13.0
2026-06-04 10:39:24,476,18.8,-68.0,20.0,0.9997,LORA,476,0,LOST,13.0
2026-06-04 10:39:26,477,18.8,-69.0,20.0,0.9997,LORA,477,0,LOST,13.0
2026-06-04 10:39:30,478,18.8,-52.0,20.0,0.9997,LORA,478,0,LOST,13.0
2026-06-04 10:39:32,479,18.8,-51.0,20.0,0.9997,LORA,479,0,LOST,13.0
2026-06-04 10:39:34,480,18.8,-49.0,20.0,0.9997,LORA,480,0,LOST,13.0
2026-06-04 10:39:38,481,18.8,-43.0,20.0,0.9997,LORA,481,0,LOST,13.0
2026-06-04 10:39:40,482,12.5,-35.0,20.0,0.9998,LORA,482,0,LOST,20.0
2026-06-04 10:39:42,483,12.5,-29.0,20.0,0.9998,LORA,483,0,LOST,20.0
2026-06-04 10:39:44,484,12.5,-20.0,20.0,0.9998,LORA,484,0,LOST,20.0
2026-06-04 10:39:47,485,12.5,-20.0,20.0,0.9998,LORA,485,0,LOST,20.0
2026-06-04 10:39:50,486,12.5,-20.0,20.0,0.9998,LORA,486,0,LOST,20.0
2026-06-04 10:39:52,487,12.5,-20.0,20.0,0.9998,LORA,487,0,LOST,20.0
2026-06-04 10:39:54,488,12.5,-20.0,20.0,0.9998,LORA,488,0,LOST,20.0
2026-06-04 10:39:56,489,10.0,-20.0,20.0,0.9999,LORA,489,0,LOST,20.0
2026-06-04 10:39:58,490,10.0,-20.0,20.0,0.9999,LORA,490,0,LOST,20.0
2026-06-04 10:40:00,491,10.0,-20.0,20.0,0.9999,LORA,491,0,LOST,20.0
2026-06-04 10:40:02,492,10.0,-20.0,20.0,0.9999,LORA,492,0,LOST,20.0
2026-06-04 10:40:04,493,10.0,-20.0,20.0,0.9999,LORA,493,0,LOST,20.0
2026-06-04 10:40:06,494,10.0,-20.0,20.0,0.9999,LORA,494,0,LOST,20.0
2026-06-04 10:40:09,495,10.0,-20.0,20.0,0.9999,LORA,495,0,LOST,20.0
2026-06-04 10:40:10,496,10.0,-20.0,20.0,0.9999,LORA,496,0,LOST,20.0
2026-06-04 10:40:12,497,13.1,-20.0,20.0,0.9998,LORA,497,0,LOST,28.0
2026-06-04 10:40:16,498,13.1,-20.0,20.0,0.9998,LORA,498,0,LOST,28.0
2026-06-04 10:40:18,499,13.1,-20.0,20.0,0.9998,LORA,499,0,LOST,28.0
2026-06-04 10:40:20,500,13.1,-20.0,20.0,0.9998,LORA,500,0,LOST,28.0
2026-06-04 10:40:22,501,13.1,-20.0,20.0,0.9998,LORA,501,0,LOST,28.0
2026-06-04 10:40:24,502,13.1,-20.0,20.0,0.9998,LORA,502,0,LOST,28.0
2026-06-04 10:40:26,503,13.1,-20.0,20.0,0.9998,LORA,503,0,LOST,28.0
2026-06-04 10:40:28,504,13.3,-20.0,20.0,0.9998,LORA,504,0,LOST,28.0
2026-06-04 10:40:34,505,13.3,-20.0,20.0,0.9998,LORA,505,0,LOST,28.0
2026-06-04 10:40:34,506,13.3,-20.0,20.0,0.9998,LORA,506,0,LOST,28.0
2026-06-04 10:40:36,507,13.3,-20.0,20.0,0.9998,LORA,507,0,LOST,28.0
2026-06-04 10:40:38,508,13.3,-20.0,20.0,0.9998,LORA,508,0,LOST,28.0
2026-06-04 10:40:40,509,13.3,-20.0,20.0,0.9998,LORA,509,0,LOST,28.0
2026-06-04 10:40:42,510,13.3,-20.0,20.0,0.9998,LORA,510,0,LOST,28.0
2026-06-04 10:40:44,511,15.1,-20.0,20.0,0.9998,LORA,511,0,LOST,4.0
2026-06-04 10:40:46,512,15.1,-20.0,20.0,0.9998,LORA,512,0,LOST,4.0
2026-06-04 10:40:48,513,15.1,-20.0,20.0,0.9998,LORA,513,0,LOST,4.0
2026-06-04 10:40:50,514,15.1,-20.0,20.0,0.9998,LORA,514,0,LOST,4.0
2026-06-04 10:40:52,515,15.1,-20.0,20.0,0.9998,LORA,515,0,LOST,4.0
2026-06-04 10:40:54,516,15.1,-20.0,20.0,0.9998,LORA,516,0,LOST,4.0
2026-06-16 17:44:27,1,5.9,-37.0,20.0,0.9999,LORA,1,1,OK,0.0
2026-06-16 17:44:29,2,5.9,-36.0,20.0,0.9999,LORA,2,2,OK,0.0
2026-06-16 17:44:31,3,7.2,-38.0,20.0,0.9999,LORA,3,3,OK,0.0
2026-06-16 17:44:33,4,7.2,-38.0,20.0,0.9999,LORA,4,4,OK,0.0
2026-06-16 17:44:35,5,7.2,-35.0,20.0,0.9999,LORA,5,5,OK,0.0
2026-06-16 17:44:37,6,7.2,-36.0,20.0,0.9999,LORA,6,6,OK,0.0
2026-06-16 17:44:39,7,7.2,-36.0,20.0,0.9999,LORA,7,7,OK,0.0
2026-06-16 17:44:41,8,7.2,-36.0,20.0,0.9999,LORA,8,8,OK,0.0
2026-06-16 17:44:43,9,7.2,-36.0,20.0,0.9999,LORA,9,9,OK,0.0
2026-06-16 17:44:45,10,7.2,-38.0,20.0,0.9999,LORA,10,10,OK,0.0
2026-06-16 17:44:47,11,8.7,-36.0,20.0,0.9999,LORA,11,11,OK,0.0
2026-06-16 17:44:49,12,8.7,-40.0,20.0,0.9999,LORA,12,12,OK,0.0
2026-06-16 17:44:51,13,8.7,-44.0,20.0,0.9999,LORA,13,13,OK,0.0
2026-06-16 17:48:15,1,10.8,-46.0,20.0,0.9999,LORA,1,1,OK,0.0
2026-06-16 17:48:17,2,10.8,-47.0,20.0,0.9999,LORA,2,2,OK,0.0
2026-06-16 17:48:19,3,10.8,-48.0,20.0,0.9999,LORA,3,3,OK,0.0
2026-06-16 17:48:21,4,13.6,-49.0,20.0,0.9998,LORA,4,4,OK,0.0
2026-06-16 17:48:23,5,13.6,-47.0,20.0,0.9998,LORA,5,5,OK,0.0
2026-06-16 17:48:25,6,13.6,-48.0,20.0,0.9998,LORA,6,6,OK,0.0
2026-06-16 17:48:27,7,13.6,-48.0,20.0,0.9998,LORA,7,7,OK,0.0
2026-06-16 17:48:29,8,13.6,-49.0,20.0,0.9998,LORA,8,8,OK,0.0
2026-06-16 17:48:31,9,13.6,-50.0,20.0,0.9998,LORA,9,9,OK,0.0
2026-06-16 17:48:34,10,13.6,-49.0,20.0,0.9998,LORA,10,10,OK,0.0
2026-06-16 17:48:37,11,10.2,-49.0,20.0,0.9999,LORA,11,11,OK,0.0
2026-06-16 17:48:39,12,10.2,-50.0,20.0,0.9999,LORA,12,12,OK,0.0
2026-06-16 17:48:43,13,10.2,-44.0,20.0,0.9999,LORA,13,13,OK,0.0
2026-06-16 17:48:45,14,10.2,-47.0,20.0,0.9999,LORA,14,14,OK,0.0
2026-06-16 17:48:47,15,10.2,-51.0,20.0,0.9999,LORA,15,15,OK,0.0
2026-06-16 17:48:49,16,10.2,-55.0,20.0,0.9999,LORA,16,16,OK,0.0
2026-06-16 17:48:51,17,10.2,-44.0,20.0,0.9999,LORA,17,17,OK,0.0
2026-06-16 17:48:53,18,8.7,-46.0,20.0,0.9999,LORA,18,18,OK,0.0
2026-06-16 17:48:55,19,8.7,-47.0,20.0,0.9999,LORA,19,19,OK,0.0
2026-06-16 17:48:57,20,8.7,-43.0,20.0,0.9999,LORA,20,20,OK,0.0
2026-06-16 17:48:59,21,8.7,-44.0,20.0,0.9999,LORA,21,21,OK,0.0
2026-06-16 17:49:01,22,8.7,-51.0,20.0,0.9999,LORA,22,22,OK,0.0
2026-06-16 17:49:03,23,8.7,-48.0,20.0,0.9999,LORA,23,23,OK,0.0
2026-06-16 17:49:05,24,8.7,-47.0,20.0,0.9999,LORA,24,24,OK,0.0
2026-06-16 17:49:07,25,8.7,-51.0,20.0,0.9999,LORA,25,25,OK,0.0
2026-06-16 17:49:09,26,5.1,-48.0,20.0,0.9999,LORA,26,26,OK,0.0
2026-06-16 17:49:11,27,5.1,-46.0,20.0,0.9999,LORA,27,27,OK,0.0
2026-06-16 17:49:13,28,5.1,-44.0,20.0,0.9999,LORA,28,28,OK,0.0
2026-06-16 17:49:15,29,5.1,-45.0,20.0,0.9999,LORA,29,29,OK,0.0
2026-06-16 17:49:17,30,5.1,-54.0,20.0,0.9999,LORA,30,30,OK,0.0
2026-06-16 17:49:19,31,5.1,-58.0,20.0,0.9999,LORA,31,31,OK,0.0
2026-06-16 17:49:21,32,5.1,-61.0,20.0,0.9999,LORA,32,32,OK,0.0
2026-06-16 17:49:23,33,5.1,-63.0,20.0,0.9999,LORA,33,33,OK,0.0
2026-06-16 17:49:25,34,4.6,-66.0,20.0,0.9999,LORA,34,34,OK,0.0
2026-06-16 17:49:27,35,4.6,-67.0,20.0,0.9999,LORA,35,35,OK,0.0
2026-06-16 17:49:29,36,4.6,-64.0,20.0,0.9999,LORA,36,36,OK,0.0
2026-06-16 17:49:31,37,4.6,-74.0,20.0,0.9599,LORA,37,37,OK,0.0
2026-06-16 17:49:33,38,4.6,-73.0,20.0,0.9699,LORA,38,38,OK,0.0
2026-06-16 17:49:35,39,4.6,-72.0,20.0,0.9799,LORA,39,39,OK,0.0
2026-06-16 17:49:37,40,4.6,-71.0,20.0,0.9899,LORA,40,40,OK,0.0
2026-06-16 17:49:39,41,4.6,-72.0,20.0,0.9799,LORA,41,41,OK,0.0
2026-06-16 17:49:41,42,19.0,-74.0,20.0,0.9597,LORA,42,42,OK,0.0
2026-06-16 17:49:43,43,19.0,-74.0,20.0,0.9597,LORA,43,43,OK,0.0
2026-06-16 17:49:45,44,19.0,-69.0,20.0,0.9997,LORA,44,44,OK,0.0
2026-06-16 17:49:47,45,19.0,-77.0,20.0,0.9297,LORA,45,45,OK,0.0
2026-06-16 17:49:49,46,19.0,-76.0,20.0,0.9397,LORA,46,46,OK,0.0
2026-06-16 17:49:51,47,19.0,-86.0,16.0,0.8397,LORA,47,47,OK,0.0
2026-06-16 17:49:53,48,19.0,-73.0,20.0,0.9697,LORA,48,48,OK,0.0
2026-06-16 17:49:56,49,19.0,-79.0,20.0,0.9097,LORA,49,49,OK,0.0
2026-06-16 17:49:57,50,34.8,-77.0,20.0,0.9295,LORA,50,50,OK,7.0
2026-06-16 17:50:00,51,34.8,-81.0,20.0,0.8895,LORA,51,51,OK,7.0
2026-06-16 17:50:02,52,34.8,-84.0,18.0,0.8595,LORA,52,52,OK,7.0
2026-06-16 17:50:05,53,34.8,-74.0,20.0,0.9595,LORA,53,53,OK,7.0
2026-06-16 17:50:07,54,34.8,-81.0,20.0,0.8895,LORA,54,54,OK,7.0
2026-06-16 17:50:10,55,34.8,-90.0,12.0,0.7995,LORA,55,55,OK,7.0
2026-06-16 17:50:11,56,34.8,-80.0,20.0,0.8995,LORA,56,56,OK,7.0
2026-06-16 17:50:15,57,50.6,-83.0,20.0,0.8693,LORA,57,57,OK,7.0
2026-06-16 17:50:19,58,50.6,-83.0,20.0,0.8693,LORA,58,58,OK,7.0
2026-06-16 17:50:23,59,50.6,-94.0,20.0,0.7593,LORA,59,59,OK,7.0
2026-06-16 17:50:28,60,50.6,-86.0,20.0,0.8393,LORA,60,60,OK,7.0
2026-06-16 17:50:31,61,69.3,-96.0,20.0,0.7391,SWITCHING,61,61,OK,0.0
2026-06-16 17:50:35,62,69.3,-87.0,20.0,0.8291,LORA,62,62,OK,0.0
2026-06-16 17:50:38,63,69.3,-93.0,20.0,0.7691,LORA,63,63,OK,0.0
2026-06-16 17:50:40,64,69.3,-85.0,20.0,0.8491,LORA,64,64,OK,0.0
2026-06-16 17:50:42,65,69.3,-88.0,20.0,0.8191,LORA,65,65,OK,0.0
2026-06-16 17:50:44,66,69.3,-88.0,20.0,0.8191,LORA,66,66,OK,0.0
2026-06-16 17:50:48,67,85.5,-89.0,20.0,0.8089,LORA,67,67,OK,0.0
2026-06-16 17:50:50,68,85.5,-94.0,20.0,0.7589,LORA,68,68,OK,0.0
2026-06-16 17:50:52,69,85.5,-91.0,20.0,0.7889,LORA,69,69,OK,0.0
2026-06-16 17:50:54,70,85.5,-96.0,20.0,0.7389,SWITCHING,70,70,OK,0.0
2026-06-16 17:50:58,71,85.5,-85.0,20.0,0.8489,LORA,71,71,OK,0.0
2026-06-16 17:51:01,72,85.5,-89.0,20.0,0.8089,LORA,72,72,OK,0.0
2026-06-16 17:51:04,73,101.5,-89.0,20.0,0.8086,LORA,73,73,OK,0.0
2026-06-16 17:51:08,74,101.5,-85.0,20.0,0.8486,LORA,74,74,OK,0.0
2026-06-16 17:51:10,75,101.5,-82.0,20.0,0.8786,LORA,75,75,OK,0.0
2026-06-16 17:51:12,76,101.5,-85.0,20.0,0.8486,LORA,76,76,OK,0.0
2026-06-16 17:51:14,77,101.5,-83.0,20.0,0.8686,LORA,77,77,OK,0.0
2026-06-16 17:52:02,78,142.6,-98.0,6.0,0.6781,SWITCHING,78,78,OK,0.0
2026-06-16 17:52:02,79,142.6,-99.0,5.0,0.6581,SWITCHING,79,79,OK,0.0
2026-06-16 17:52:02,80,114.2,-84.0,20.0,0.8585,LORA,80,80,OK,0.0
2026-06-16 17:52:02,81,114.2,-83.0,20.0,0.8685,LORA,81,81,OK,0.0
2026-06-16 17:52:02,82,126.7,-82.0,20.0,0.8783,LORA,82,82,OK,0.0
2026-06-16 17:52:02,83,126.7,-91.0,20.0,0.7883,LORA,83,83,OK,0.0
2026-06-16 17:52:02,84,142.6,-92.0,12.0,0.7781,LORA,84,84,OK,0.0
2026-06-16 17:52:02,85,126.7,-89.0,20.0,0.8083,LORA,85,85,OK,0.0
2026-06-16 17:52:02,86,126.7,-91.0,13.0,0.7883,LORA,86,86,OK,0.0
2026-06-16 17:52:02,87,126.7,-93.0,11.0,0.7683,LORA,87,87,OK,0.0
2026-06-16 17:52:02,88,126.7,-97.0,7.0,0.6983,SWITCHING,88,88,OK,0.0
2026-06-16 17:52:02,89,142.6,-98.0,6.0,0.6781,SWITCHING,89,89,OK,0.0
2026-06-16 17:52:02,90,142.6,-101.0,3.0,0.6181,SWITCHING,90,90,OK,0.0
2026-06-16 17:52:02,91,142.6,-103.0,1.0,0.5781,SWITCHING,91,91,OK,0.0
2026-06-16 17:52:02,92,126.7,-91.0,13.0,0.7883,LORA,92,92,OK,0.0
2026-06-16 17:52:08,93,161.1,-94.0,10.0,0.7579,LORA,93,93,OK,0.0
2026-06-16 17:52:11,94,161.1,-99.0,5.0,0.6579,SWITCHING,94,94,OK,0.0
2026-06-16 17:52:12,95,161.1,-97.0,7.0,0.6979,SWITCHING,95,95,OK,0.0
2026-06-16 17:52:14,96,161.1,-92.0,12.0,0.7779,LORA,96,96,OK,0.0
2026-06-16 17:52:18,97,161.1,-92.0,12.0,0.7779,LORA,97,97,OK,0.0
2026-06-16 17:52:20,98,161.1,-86.0,18.0,0.8379,LORA,98,98,OK,0.0
2026-06-16 17:52:22,99,176.9,-89.0,15.0,0.8076,LORA,99,99,OK,0.0
2026-06-16 17:52:24,100,176.9,-104.0,0.0,0.5576,SWITCHING,100,100,OK,0.0
2026-06-16 17:52:28,101,176.9,-103.0,1.0,0.5776,SWITCHING,101,101,OK,0.0
2026-06-16 17:52:30,102,176.9,-92.0,12.0,0.7776,LORA,102,102,OK,0.0
2026-06-16 17:52:32,103,176.9,-92.0,12.0,0.7776,LORA,103,103,OK,0.0
2026-06-16 17:52:35,104,176.9,-97.0,7.0,0.6976,SWITCHING,104,104,OK,0.0
2026-06-16 17:52:38,105,177.0,-92.0,12.0,0.7776,LORA,105,105,OK,0.0
2026-06-16 17:52:41,106,177.0,-103.0,1.0,0.5776,SWITCHING,106,106,OK,0.0
2026-06-16 17:52:42,107,177.0,-90.0,14.0,0.7976,LORA,107,107,OK,0.0
2026-06-16 17:52:44,108,177.0,-102.0,2.0,0.5976,SWITCHING,108,108,OK,0.0
2026-06-16 17:52:48,109,177.0,-96.0,8.0,0.7176,LORA,109,109,OK,0.0
2026-06-16 17:52:50,110,177.0,-102.0,2.0,0.5976,SWITCHING,110,110,OK,0.0
2026-06-16 17:52:52,111,177.0,-104.0,0.0,0.5576,SWITCHING,111,111,OK,0.0
2026-06-16 17:52:58,112,178.8,-98.0,6.0,0.6776,SWITCHING,112,112,OK,0.0
2026-06-16 17:53:00,113,178.8,-99.0,5.0,0.6576,SWITCHING,113,113,OK,0.0
2026-06-16 17:53:03,114,178.8,-93.0,11.0,0.7676,LORA,114,114,OK,0.0
2026-06-16 17:53:08,115,178.8,-100.0,4.0,0.6376,SWITCHING,115,115,OK,0.0
2026-06-16 17:53:11,116,183.9,-100.0,4.0,0.6375,SWITCHING,116,116,OK,0.0
2026-06-16 17:53:12,117,183.9,-103.0,1.0,0.5775,SWITCHING,117,117,OK,0.0
2026-06-16 17:53:14,118,183.9,-100.0,4.0,0.6375,SWITCHING,118,118,OK,0.0
2026-06-16 17:53:18,119,183.9,-104.0,0.0,0.5575,SWITCHING,119,119,OK,0.0
2026-06-16 17:53:20,120,183.9,-102.0,2.0,0.5975,SWITCHING,120,120,OK,0.0
2026-06-16 17:53:22,121,183.9,-97.0,7.0,0.6975,SWITCHING,121,121,OK,0.0
2026-06-16 17:53:29,122,189.0,-99.0,5.0,0.6575,SWITCHING,122,122,OK,0.0
2026-06-16 17:53:30,123,189.0,-100.0,4.0,0.6375,SWITCHING,123,123,OK,0.0
2026-06-16 17:53:35,124,189.0,-97.0,7.0,0.6975,SWITCHING,124,124,OK,0.0
2026-06-16 17:53:38,125,189.0,-102.0,2.0,0.5975,SWITCHING,125,125,OK,0.0
2026-06-16 17:53:40,126,189.0,-98.0,6.0,0.6775,SWITCHING,126,126,OK,0.0
2026-06-16 17:53:43,127,195.5,-97.0,7.0,0.6974,SWITCHING,127,127,OK,0.0
2026-06-16 17:53:49,128,195.5,-101.0,3.0,0.6174,SWITCHING,128,128,OK,0.0
2026-06-16 17:53:50,129,195.5,-102.0,2.0,0.5974,SWITCHING,129,129,OK,0.0
2026-06-16 17:53:52,130,195.5,-100.0,4.0,0.6374,SWITCHING,130,130,OK,0.0
2026-06-16 17:53:55,131,195.5,-99.0,5.0,0.6574,SWITCHING,131,131,OK,0.0
2026-06-16 17:53:59,132,196.5,-96.0,8.0,0.7174,LORA,132,132,OK,0.0
2026-06-16 17:54:01,133,196.5,-91.0,13.0,0.7874,LORA,133,133,OK,0.0
2026-06-16 17:54:04,134,196.5,-91.0,13.0,0.7874,LORA,134,134,OK,0.0
2026-06-16 17:54:09,135,196.5,-94.0,10.0,0.7574,LORA,135,135,OK,0.0
2026-06-16 17:54:10,136,196.5,-100.0,4.0,0.6374,SWITCHING,136,136,OK,0.0
2026-06-16 17:54:13,137,196.5,-93.0,11.0,0.7674,LORA,137,137,OK,0.0
2026-06-16 17:54:20,138,184.2,-95.0,9.0,0.7375,SWITCHING,138,138,OK,0.0
2026-06-16 17:54:20,139,184.2,-98.0,6.0,0.6775,SWITCHING,139,139,OK,0.0
2026-06-16 17:54:22,140,184.2,-99.0,5.0,0.6575,SWITCHING,140,140,OK,0.0
2026-06-16 17:54:25,141,184.2,-101.0,3.0,0.6175,SWITCHING,141,141,OK,0.0
2026-06-16 17:54:28,142,184.2,-94.0,10.0,0.7575,LORA,142,142,OK,0.0
2026-06-16 17:54:31,143,180.0,-100.0,4.0,0.6376,SWITCHING,143,143,OK,0.0
2026-06-16 17:54:34,144,180.0,-97.0,7.0,0.6976,SWITCHING,144,144,OK,0.0
2026-06-16 17:54:38,145,180.0,-93.0,11.0,0.7676,LORA,145,145,OK,0.0
2026-06-16 17:54:43,146,180.0,-102.0,3.0,0.6076,SWITCHING,146,146,OK,0.0
2026-06-16 17:54:45,147,180.0,-102.0,3.0,0.6076,SWITCHING,147,147,OK,0.0
2026-06-16 17:54:48,148,176.8,-97.0,8.0,0.7076,LORA,148,148,OK,0.0
2026-06-16 17:54:50,149,176.8,-98.0,7.0,0.6876,SWITCHING,149,149,OK,0.0
2026-06-16 17:54:52,150,176.8,-102.0,3.0,0.6076,SWITCHING,150,150,OK,0.0
2026-06-16 17:54:55,151,176.8,-97.0,8.0,0.7076,LORA,151,151,OK,0.0
2026-06-16 17:54:59,152,176.8,-98.0,7.0,0.6876,SWITCHING,152,152,OK,0.0
2026-06-16 17:55:00,153,176.8,-101.0,4.0,0.6276,SWITCHING,153,153,OK,0.0
2026-06-16 17:55:03,154,173.3,-97.0,8.0,0.7077,LORA,154,154,OK,0.0
2026-06-16 17:55:08,155,173.3,-95.0,10.0,0.7477,SWITCHING,155,155,OK,0.0
2026-06-16 17:55:09,156,173.3,-94.0,11.0,0.7577,LORA,156,156,OK,0.0
2026-06-16 17:55:09,157,173.3,-95.0,10.0,0.7477,SWITCHING,157,157,OK,0.0
2026-06-16 17:55:11,158,173.3,-96.0,9.0,0.7277,LORA,158,158,OK,0.0
2026-06-16 17:55:13,159,173.3,-97.0,8.0,0.7077,SWITCHING,159,159,OK,0.0
2026-06-16 17:55:15,160,173.3,-96.0,9.0,0.7277,LORA,160,160,OK,0.0
2026-06-16 17:55:19,161,171.9,-95.0,10.0,0.7477,SWITCHING,161,161,OK,0.0
2026-06-16 17:55:20,162,171.9,-96.0,9.0,0.7277,LORA,162,162,OK,0.0
2026-06-16 17:55:22,163,171.9,-102.0,3.0,0.6077,SWITCHING,163,163,OK,0.0
2026-06-16 17:55:24,164,171.9,-100.0,5.0,0.6477,SWITCHING,164,164,OK,0.0
2026-06-16 17:55:29,165,171.9,-89.0,16.0,0.8077,LORA,165,165,OK,0.0
2026-06-16 17:55:30,166,171.9,-93.0,12.0,0.7677,LORA,166,166,OK,0.0
2026-06-16 17:55:32,167,171.9,-96.0,9.0,0.7277,SWITCHING,167,167,OK,0.0
2026-06-16 17:55:39,168,170.8,-88.0,17.0,0.8177,LORA,168,168,OK,0.0
2026-06-16 17:55:42,169,170.8,-87.0,18.0,0.8277,LORA,169,169,OK,0.0
2026-06-16 17:55:44,170,170.8,-88.0,17.0,0.8177,LORA,170,170,OK,0.0
2026-06-16 17:55:48,171,170.8,-89.0,16.0,0.8077,LORA,171,171,OK,0.0
2026-06-16 17:55:50,172,158.4,-83.0,20.0,0.8679,LORA,172,172,OK,0.0
2026-06-16 17:55:53,173,158.4,-81.0,20.0,0.8879,LORA,173,173,OK,0.0
2026-06-16 17:55:55,174,158.4,-83.0,20.0,0.8679,LORA,174,174,OK,0.0
2026-06-16 17:55:59,175,158.4,-82.0,20.0,0.8779,LORA,175,175,OK,0.0
2026-06-16 17:56:01,176,158.4,-84.0,20.0,0.8579,LORA,176,176,OK,0.0
2026-06-16 17:56:03,177,158.4,-83.0,20.0,0.8679,LORA,177,177,OK,0.0
2026-06-16 17:56:09,178,140.7,-84.0,20.0,0.8581,LORA,178,178,OK,0.0
2026-06-16 17:56:15,179,140.7,-81.0,20.0,0.8881,LORA,179,179,OK,0.0
2026-06-16 17:56:15,180,140.7,-81.0,20.0,0.8881,LORA,180,180,OK,0.0
2026-06-16 17:56:17,181,140.7,-102.0,1.0,0.5881,SWITCHING,181,181,OK,0.0
2026-06-16 17:56:20,182,140.7,-82.0,20.0,0.8781,LORA,182,182,OK,0.0
2026-06-16 17:56:23,183,123.0,-83.0,20.0,0.8684,LORA,183,183,OK,0.0
2026-06-16 17:56:25,184,123.0,-82.0,20.0,0.8784,LORA,184,184,OK,0.0
2026-06-16 17:56:28,185,123.0,-85.0,18.0,0.8484,LORA,185,185,OK,0.0
2026-06-16 17:56:31,186,123.0,-85.0,18.0,0.8484,LORA,186,186,OK,0.0
2026-06-16 17:56:33,187,123.0,-79.0,20.0,0.9084,LORA,187,187,OK,0.0
2026-06-16 17:56:35,188,123.0,-78.0,20.0,0.9184,LORA,188,188,OK,0.0
2026-06-16 17:56:37,189,123.0,-80.0,20.0,0.8984,LORA,189,189,OK,0.0
2026-06-16 17:56:39,190,102.7,-86.0,17.0,0.8386,LORA,190,190,OK,0.0
2026-06-16 17:56:41,191,102.7,-83.0,20.0,0.8686,LORA,191,191,OK,0.0
2026-06-16 17:56:43,192,102.7,-90.0,14.0,0.7986,LORA,192,192,OK,0.0
2026-06-16 17:56:45,193,102.7,-83.0,20.0,0.8686,LORA,193,193,OK,0.0
2026-06-16 17:56:48,194,102.7,-86.0,18.0,0.8386,LORA,194,194,OK,0.0
2026-06-16 17:56:49,195,102.7,-86.0,18.0,0.8386,LORA,195,195,OK,0.0
2026-06-16 17:56:49,196,102.7,-97.0,7.0,0.6986,SWITCHING,196,196,OK,0.0
2026-06-16 17:56:53,197,102.7,-83.0,20.0,0.8686,LORA,197,197,OK,0.0
2026-06-16 17:56:55,198,81.7,-82.0,20.0,0.8789,LORA,198,198,OK,0.0
2026-06-16 17:56:57,199,81.7,-81.0,20.0,0.8889,LORA,199,199,OK,0.0
2026-06-16 17:57:01,200,81.7,-79.0,20.0,0.9089,LORA,200,200,OK,0.0
2026-06-16 17:57:03,201,81.7,-77.0,20.0,0.9289,LORA,201,201,OK,0.0
2026-06-16 17:57:05,202,81.7,-77.0,20.0,0.9289,LORA,202,202,OK,0.0
2026-06-16 17:57:09,203,61.5,-79.0,20.0,0.9092,LORA,203,203,OK,0.0
2026-06-16 17:57:13,204,61.5,-84.0,19.0,0.8592,LORA,204,204,OK,0.0
2026-06-16 17:57:17,205,61.5,-78.0,20.0,0.9192,LORA,205,205,OK,0.0
2026-06-16 17:57:19,206,61.5,-74.0,20.0,0.9592,LORA,206,206,OK,0.0
2026-06-16 17:57:22,207,61.5,-73.0,20.0,0.9692,LORA,207,207,OK,0.0
2026-06-16 17:58:03,208,4.0,-43.0,20.0,0.9999,LORA,208,208,OK,0.0
2026-06-16 17:58:04,209,40.5,-72.0,20.0,0.9795,LORA,209,209,OK,0.0
2026-06-16 17:58:05,210,40.5,-69.0,20.0,0.9995,LORA,210,210,OK,0.0
2026-06-16 17:58:05,211,20.3,-102.0,1.0,0.5897,SWITCHING,211,211,OK,0.0
2026-06-16 17:58:05,212,20.3,-75.0,20.0,0.9497,LORA,212,212,OK,0.0
2026-06-16 17:58:05,213,20.3,-67.0,20.0,0.9997,LORA,213,213,OK,0.0
2026-06-16 17:58:05,214,20.3,-63.0,20.0,0.9997,LORA,214,214,OK,0.0
2026-06-16 17:58:05,215,20.3,-59.0,20.0,0.9997,LORA,215,215,OK,0.0
2026-06-16 17:58:05,216,20.3,-58.0,20.0,0.9997,LORA,216,216,OK,0.0
2026-06-16 17:58:05,217,20.3,-61.0,20.0,0.9997,LORA,217,217,OK,0.0
2026-06-16 17:58:05,218,20.3,-63.0,20.0,0.9997,LORA,218,218,OK,0.0
2026-06-16 17:58:05,219,4.0,-47.0,20.0,0.9999,LORA,219,219,OK,0.0
2026-06-16 17:58:05,220,4.0,-68.0,20.0,0.9999,LORA,220,220,OK,0.0
2026-06-16 17:58:05,221,4.0,-54.0,20.0,0.9999,LORA,221,221,OK,0.0
2026-06-16 17:58:05,222,4.0,-47.0,20.0,0.9999,LORA,222,222,OK,0.0
2026-06-16 17:58:06,223,4.0,-54.0,20.0,0.9999,LORA,223,223,OK,0.0
2026-06-16 17:58:09,224,4.0,-45.0,20.0,0.9999,LORA,224,224,OK,0.0
2026-06-16 17:58:12,225,4.0,-103.0,0.0,0.5699,SWITCHING,225,225,OK,0.0
2026-06-16 17:58:13,226,6.5,-45.0,20.0,0.9999,LORA,226,226,OK,0.0
2026-06-16 17:58:15,227,6.5,-44.0,20.0,0.9999,LORA,227,227,OK,0.0
2026-06-16 17:58:17,228,6.5,-43.0,20.0,0.9999,LORA,228,228,OK,0.0
2026-06-16 17:58:20,229,6.5,-49.0,20.0,0.9999,LORA,229,229,OK,0.0
2026-06-16 17:58:21,230,6.5,-45.0,20.0,0.9999,LORA,230,230,OK,0.0
2026-06-16 17:58:26,231,6.5,-47.0,20.0,0.9999,LORA,231,231,OK,0.0
2026-06-16 17:58:29,232,5.8,-44.0,20.0,0.9999,LORA,232,232,OK,0.0
2026-06-16 17:58:31,233,5.8,-47.0,20.0,0.9999,LORA,233,233,OK,0.0
2026-06-16 17:58:33,234,5.8,-47.0,20.0,0.9999,LORA,234,234,OK,0.0
2026-06-16 17:58:35,235,5.8,-48.0,20.0,0.9999,LORA,235,235,OK,0.0
2026-06-16 17:58:38,236,5.8,-47.0,20.0,0.9999,LORA,236,236,OK,0.0
2026-06-24 12:15:13,1,32.9,-39.0,20.0,0.9996,LORA,1,0,LOST,98.0
2026-06-24 12:15:15,2,34.2,-38.0,20.0,0.9995,LORA,2,0,LOST,80.0
2026-06-24 12:15:19,3,34.2,-39.0,20.0,0.9995,LORA,3,0,LOST,80.0
2026-06-24 12:15:21,4,34.2,-39.0,20.0,0.9995,LORA,4,0,LOST,80.0
2026-06-24 12:15:23,5,34.2,-37.0,20.0,0.9995,LORA,5,0,LOST,80.0
2026-06-24 12:15:25,6,34.2,-39.0,20.0,0.9995,LORA,6,0,LOST,80.0
2026-06-24 12:15:29,7,34.2,-47.0,20.0,0.9995,LORA,7,0,LOST,80.0
2026-06-24 12:15:31,8,33.3,-40.0,20.0,0.9996,LORA,8,0,LOST,80.0
2026-06-24 12:15:33,9,33.3,-42.0,20.0,0.9996,LORA,9,0,LOST,80.0
2026-06-24 12:15:35,10,33.3,-39.0,20.0,0.9996,LORA,10,0,LOST,80.0
2026-06-24 12:20:10,1,37.9,-20.0,20.0,0.9995,LORA,1,0,LOST,95.0
2026-06-24 12:20:11,2,46.4,-21.0,20.0,0.9994,LORA,2,0,LOST,95.0
2026-06-24 12:20:11,3,46.4,-30.0,20.0,0.9994,LORA,3,0,LOST,95.0
2026-06-24 12:20:11,4,46.4,-20.0,20.0,0.9994,LORA,4,0,LOST,95.0
2026-06-24 12:20:11,5,46.4,-20.0,20.0,0.9994,LORA,5,0,LOST,95.0
2026-06-24 12:20:14,6,37.9,-20.0,20.0,0.9995,LORA,6,0,LOST,95.0
2026-06-24 12:20:16,7,37.9,-20.0,20.0,0.9995,LORA,7,0,LOST,95.0
2026-06-24 12:20:18,8,37.9,-20.0,20.0,0.9995,LORA,8,0,LOST,95.0
2026-06-24 12:20:20,9,37.9,-20.0,20.0,0.9995,LORA,9,0,LOST,95.0
2026-06-24 12:20:22,10,37.9,-20.0,20.0,0.9995,LORA,10,0,LOST,95.0
2026-06-24 12:20:24,11,37.9,-20.0,20.0,0.9995,LORA,11,0,LOST,95.0
2026-06-24 12:20:26,12,38.1,-20.0,20.0,0.9995,LORA,12,0,LOST,91.0
2026-06-24 12:20:28,13,38.1,-20.0,20.0,0.9995,LORA,13,0,LOST,91.0
2026-06-24 12:20:32,14,38.1,-20.0,20.0,0.9995,LORA,14,0,LOST,91.0
2026-06-24 12:20:34,15,38.1,-20.0,20.0,0.9995,LORA,15,0,LOST,91.0
2026-06-24 12:20:36,16,38.1,-20.0,20.0,0.9995,LORA,16,0,LOST,91.0
2026-06-24 12:20:54,17,36.3,-21.0,20.0,0.9995,LORA,17,1,OK,49.0
2026-06-24 12:20:55,18,36.3,-21.0,20.0,0.9995,LORA,18,1,LOST,49.0
2026-06-24 12:20:55,19,36.3,-20.0,20.0,0.9995,LORA,19,1,LOST,49.0
2026-06-24 12:20:55,20,36.3,-20.0,20.0,0.9995,LORA,20,1,LOST,49.0
2026-06-24 12:20:56,21,36.3,-20.0,20.0,0.9995,LORA,21,1,LOST,49.0
2026-06-24 12:20:56,22,36.3,-20.0,20.0,0.9995,LORA,22,2,OK,49.0
2026-06-24 12:20:56,23,36.3,-20.0,20.0,0.9995,LORA,23,3,OK,49.0
2026-06-24 12:20:56,24,36.3,-20.0,20.0,0.9995,LORA,24,4,OK,49.0
2026-06-24 12:20:56,25,36.3,-20.0,20.0,0.9995,LORA,25,5,OK,49.0
2026-06-24 12:20:58,26,34.9,-22.0,20.0,0.9995,LORA,26,6,OK,49.0
2026-06-24 12:21:01,27,34.9,-23.0,20.0,0.9995,LORA,27,7,OK,49.0
2026-06-24 12:21:03,28,34.9,-21.0,20.0,0.9995,LORA,28,8,OK,49.0
2026-06-24 12:21:05,29,34.9,-22.0,20.0,0.9995,LORA,29,9,OK,49.0
2026-06-24 12:21:07,30,34.9,-20.0,20.0,0.9995,LORA,30,10,OK,49.0
2026-06-24 12:21:11,31,34.9,-25.0,20.0,0.9995,LORA,31,11,OK,49.0
2026-06-24 12:21:13,32,36.4,-24.0,20.0,0.9995,LORA,32,12,OK,42.0
2026-06-24 12:21:15,33,36.4,-23.0,20.0,0.9995,LORA,33,13,OK,42.0
2026-06-24 12:21:19,34,36.4,-25.0,20.0,0.9995,LORA,34,14,OK,42.0
2026-06-24 12:21:21,35,36.4,-20.0,20.0,0.9995,LORA,35,15,OK,42.0
2026-06-24 12:21:23,36,36.4,-20.0,20.0,0.9995,LORA,36,16,OK,42.0
2026-06-24 12:21:25,37,36.4,-20.0,20.0,0.9995,LORA,37,17,OK,42.0
2026-06-24 12:21:27,38,36.4,-20.0,20.0,0.9995,LORA,38,18,OK,42.0
2026-06-24 12:21:29,39,37.9,-20.0,20.0,0.9995,LORA,39,19,OK,42.0
2026-06-24 12:21:33,40,37.9,-20.0,20.0,0.9995,LORA,40,20,OK,42.0
2026-06-24 12:22:15,41,39.4,-20.0,20.0,0.9995,LORA,41,21,OK,56.0
2026-06-24 12:22:17,42,39.4,-20.0,20.0,0.9995,LORA,42,22,OK,56.0
2026-06-24 12:22:19,43,39.4,-20.0,20.0,0.9995,LORA,43,23,OK,56.0
2026-06-24 12:22:21,44,39.4,-20.0,20.0,0.9995,LORA,44,24,OK,56.0
2026-06-24 12:22:23,45,39.4,-20.0,20.0,0.9995,LORA,45,25,OK,56.0
2026-06-24 12:22:25,46,39.4,-20.0,20.0,0.9995,LORA,46,26,OK,56.0
2026-06-24 12:22:27,47,39.4,-20.0,20.0,0.9995,LORA,47,27,OK,56.0
2026-06-24 12:22:29,48,39.4,-20.0,20.0,0.9995,LORA,48,28,OK,56.0
2026-06-24 12:22:31,49,39.5,-20.0,20.0,0.9995,LORA,49,29,OK,56.0
2026-06-24 12:22:35,50,39.5,-20.0,20.0,0.9995,LORA,50,30,OK,58.0
2026-06-24 12:22:39,51,39.5,-32.0,20.0,0.9995,LORA,51,31,OK,58.0
2026-06-24 12:22:43,52,39.5,-33.0,20.0,0.9995,LORA,52,32,OK,58.0
2026-06-24 12:22:45,53,39.5,-33.0,20.0,0.9995,LORA,53,33,OK,58.0
2026-06-24 12:22:47,54,39.6,-50.0,20.0,0.9995,LORA,54,34,OK,58.0
2026-06-24 12:22:51,55,39.6,-30.0,20.0,0.9995,LORA,55,35,OK,58.0
2026-06-24 12:22:53,56,39.6,-24.0,20.0,0.9995,LORA,56,36,OK,58.0
2026-06-24 12:22:55,57,39.6,-26.0,20.0,0.9995,LORA,57,37,OK,58.0
2026-06-24 12:22:58,58,39.6,-25.0,20.0,0.9995,LORA,58,38,OK,58.0
2026-06-24 12:23:02,59,39.6,-23.0,20.0,0.9995,LORA,59,39,OK,58.0
2026-06-24 12:23:03,60,39.6,-22.0,20.0,0.9995,LORA,60,40,OK,91.0
2026-06-24 12:23:05,61,39.6,-29.0,20.0,0.9995,LORA,61,41,OK,91.0
2026-06-24 12:23:08,62,39.6,-20.0,20.0,0.9995,LORA,62,42,OK,91.0
2026-06-24 12:23:12,63,39.6,-21.0,20.0,0.9995,LORA,63,43,OK,91.0
2026-06-24 12:23:16,64,39.6,-26.0,20.0,0.9995,LORA,64,44,OK,91.0
2026-06-24 12:23:18,65,39.6,-25.0,20.0,0.9995,LORA,65,45,OK,91.0
2026-06-24 12:23:22,66,41.1,-25.0,20.0,0.9995,LORA,66,46,OK,91.0
2026-06-24 12:23:25,67,41.1,-26.0,20.0,0.9995,LORA,67,47,OK,91.0
2026-06-24 12:23:28,68,41.1,-27.0,20.0,0.9995,LORA,68,48,OK,91.0
2026-06-24 12:23:32,69,41.1,-26.0,20.0,0.9995,LORA,69,49,OK,91.0
2026-06-24 12:23:36,70,40.2,-34.0,20.0,0.9995,LORA,70,50,OK,93.0
2026-06-24 12:23:38,71,40.2,-27.0,20.0,0.9995,LORA,71,51,OK,93.0
2026-06-24 12:23:41,72,40.2,-27.0,20.0,0.9995,LORA,72,52,OK,93.0
2026-06-24 12:23:44,73,40.2,-26.0,20.0,0.9995,LORA,73,53,OK,93.0
2026-06-24 12:23:46,74,40.2,-26.0,20.0,0.9995,LORA,74,54,OK,93.0
2026-06-24 12:23:48,75,40.2,-26.0,20.0,0.9995,LORA,75,55,OK,93.0
2026-06-24 12:23:50,76,40.2,-29.0,20.0,0.9995,LORA,76,56,OK,93.0
2026-06-24 12:23:52,77,40.3,-24.0,20.0,0.9995,LORA,77,57,OK,93.0
2026-06-24 12:23:55,78,40.3,-103.0,2.0,0.5895,SWITCHING,78,58,OK,93.0
2026-06-24 12:23:56,79,40.3,-24.0,20.0,0.9995,LORA,79,59,OK,93.0
2026-06-24 12:23:58,80,40.3,-24.0,20.0,0.9995,LORA,80,60,OK,93.0
2026-06-24 12:24:00,81,40.3,-25.0,20.0,0.9995,LORA,81,61,OK,93.0
2026-06-24 12:24:02,82,40.3,-24.0,20.0,0.9995,LORA,82,62,OK,93.0
2026-06-24 12:24:04,83,40.3,-25.0,20.0,0.9995,LORA,83,63,OK,93.0
2026-06-24 12:24:08,84,40.1,-25.0,20.0,0.9995,LORA,84,64,OK,87.0
2026-06-24 12:24:10,85,40.1,-27.0,20.0,0.9995,LORA,85,65,OK,87.0
2026-06-24 12:24:14,86,40.1,-25.0,20.0,0.9995,LORA,86,66,OK,87.0
2026-06-24 12:24:16,87,40.1,-27.0,20.0,0.9995,LORA,87,67,OK,87.0
2026-06-24 12:24:23,88,40.1,-25.0,20.0,0.9995,LORA,88,68,OK,87.0
2026-06-24 12:24:23,89,40.1,-25.0,20.0,0.9995,LORA,89,69,OK,87.0
2026-06-24 12:24:23,90,40.1,-26.0,20.0,0.9995,LORA,90,70,OK,87.0
2026-06-24 12:24:23,91,40.1,-25.0,20.0,0.9995,LORA,91,71,OK,87.0
2026-06-24 12:24:23,92,40.1,-25.0,20.0,0.9995,LORA,92,72,OK,87.0
2026-06-24 12:24:23,93,40.1,-25.0,20.0,0.9995,LORA,93,73,OK,87.0
2026-06-24 12:24:23,94,40.1,-25.0,20.0,0.9995,LORA,94,74,OK,87.0
2026-06-24 12:24:26,95,39.8,-24.0,20.0,0.9995,LORA,95,75,OK,87.0
2026-06-24 12:24:28,96,39.8,-26.0,20.0,0.9995,LORA,96,76,OK,87.0
2026-06-24 12:24:30,97,39.8,-26.0,20.0,0.9995,LORA,97,77,OK,87.0
2026-06-24 12:24:32,98,39.8,-25.0,20.0,0.9995,LORA,98,78,OK,87.0
2026-06-24 12:24:34,99,39.8,-28.0,20.0,0.9995,LORA,99,79,OK,87.0
2026-06-24 12:24:36,100,39.8,-20.0,20.0,0.9995,LORA,100,80,OK,87.0
2026-06-24 12:24:38,101,40.1,-20.0,20.0,0.9995,LORA,101,81,OK,87.0
2026-06-24 12:24:40,102,40.1,-20.0,20.0,0.9995,LORA,102,82,OK,236.0
2026-06-24 12:24:43,103,40.1,-20.0,20.0,0.9995,LORA,103,83,OK,236.0
2026-06-24 12:24:46,104,40.1,-20.0,20.0,0.9995,LORA,104,84,OK,236.0
2026-06-24 12:24:46,105,40.1,-20.0,20.0,0.9995,LORA,105,85,OK,236.0
2026-06-24 12:24:51,106,40.1,-20.0,20.0,0.9995,LORA,106,86,OK,236.0
2026-06-24 12:24:53,107,40.1,-21.0,20.0,0.9995,LORA,107,87,OK,236.0
2026-06-24 12:24:55,108,41.0,-20.0,20.0,0.9995,LORA,108,88,OK,236.0
2026-06-24 12:24:57,109,41.0,-27.0,20.0,0.9995,LORA,109,89,OK,236.0
2026-06-24 12:24:59,110,41.0,-32.0,20.0,0.9995,LORA,110,90,OK,236.0
2026-06-24 12:25:03,111,41.0,-34.0,20.0,0.9995,LORA,111,91,OK,236.0
2026-06-24 12:25:05,112,41.0,-31.0,20.0,0.9995,LORA,112,92,OK,236.0
2026-06-24 12:25:09,113,41.0,-32.0,20.0,0.9995,LORA,113,93,OK,236.0
2026-06-24 12:25:11,114,40.4,-40.0,20.0,0.9995,LORA,114,94,OK,236.0
2026-06-24 12:25:13,115,40.4,-35.0,20.0,0.9995,LORA,115,95,OK,231.0
2026-06-24 12:25:17,116,40.4,-27.0,20.0,0.9995,LORA,116,96,OK,231.0
2026-06-24 12:25:20,117,40.4,-35.0,20.0,0.9995,LORA,117,97,OK,231.0
2026-06-24 12:25:23,118,40.4,-56.0,20.0,0.9995,LORA,118,98,OK,231.0
2026-06-24 12:25:26,119,40.4,-46.0,20.0,0.9995,LORA,119,99,OK,231.0
2026-06-24 12:25:27,120,41.1,-42.0,20.0,0.9995,LORA,120,100,OK,231.0
2026-06-24 12:25:29,121,41.1,-49.0,20.0,0.9995,LORA,121,101,OK,231.0
2026-06-24 12:25:31,122,41.1,-40.0,20.0,0.9995,LORA,122,102,OK,231.0
2026-06-24 12:25:35,123,41.1,-41.0,20.0,0.9995,LORA,123,103,OK,231.0
2026-06-24 12:25:37,124,41.1,-42.0,20.0,0.9995,LORA,124,104,OK,231.0
2026-06-24 12:25:41,125,41.1,-50.0,20.0,0.9995,LORA,125,105,OK,231.0
2026-06-24 12:25:48,126,41.1,-37.0,20.0,0.9995,LORA,126,106,OK,231.0
2026-06-24 12:25:48,127,41.1,-37.0,20.0,0.9995,LORA,127,107,OK,231.0
2026-06-24 12:25:48,128,40.7,-38.0,20.0,0.9995,LORA,128,108,OK,231.0
2026-06-24 12:25:48,129,41.1,-37.0,20.0,0.9995,LORA,129,109,OK,231.0
2026-06-24 12:25:48,130,41.1,-37.0,20.0,0.9995,LORA,130,110,OK,231.0
2026-06-24 12:25:48,131,40.7,-36.0,20.0,0.9995,LORA,131,111,OK,248.0
2026-06-24 12:25:48,132,41.1,-37.0,20.0,0.9995,LORA,132,112,OK,231.0
2026-06-24 12:25:48,133,41.1,-37.0,20.0,0.9995,LORA,133,113,OK,231.0
2026-06-24 12:25:48,134,40.7,-37.0,20.0,0.9995,LORA,134,114,OK,248.0
2026-06-24 12:25:48,135,41.1,-37.0,20.0,0.9995,LORA,135,115,OK,231.0
2026-06-24 12:25:48,136,40.7,-37.0,20.0,0.9995,LORA,136,116,OK,248.0
2026-06-24 12:25:51,137,40.7,-34.0,20.0,0.9995,LORA,137,117,OK,248.0
2026-06-24 12:25:54,138,40.7,-46.0,20.0,0.9995,LORA,138,118,OK,248.0
2026-06-24 12:25:55,139,40.7,-54.0,20.0,0.9995,LORA,139,119,OK,248.0
2026-06-24 12:25:58,140,40.7,-72.0,20.0,0.9795,LORA,140,120,OK,248.0
2026-06-24 12:25:59,141,56.8,-60.0,20.0,0.9992,LORA,141,121,OK,248.0
2026-06-24 12:26:03,142,56.8,-77.0,20.0,0.9292,LORA,142,122,OK,248.0
2026-06-24 12:26:04,143,56.8,-75.0,20.0,0.9492,LORA,143,123,OK,248.0
2026-06-24 12:26:08,144,56.8,-73.0,20.0,0.9692,LORA,144,124,OK,248.0
2026-06-24 12:26:09,145,56.8,-76.0,20.0,0.9392,LORA,145,125,OK,248.0
2026-06-24 12:26:11,146,56.8,-74.0,20.0,0.9592,LORA,146,126,OK,248.0
2026-06-24 12:26:13,147,56.8,-85.0,19.0,0.8492,LORA,147,127,OK,248.0
2026-06-24 12:26:17,148,164.9,-83.0,20.0,0.8678,LORA,148,128,OK,184.0
2026-06-24 12:26:19,149,164.9,-89.0,15.0,0.8078,LORA,149,129,OK,184.0
2026-06-24 12:26:21,150,164.9,-95.0,9.0,0.7378,SWITCHING,150,130,OK,184.0
2026-06-24 12:26:23,151,164.9,-90.0,14.0,0.7978,LORA,151,131,OK,184.0
2026-06-24 12:26:25,152,164.9,-94.0,20.0,0.7578,LORA,152,132,OK,184.0
2026-06-24 12:26:27,153,164.9,-91.0,20.0,0.7878,LORA,153,133,OK,184.0
2026-06-24 12:26:31,154,294.1,-101.0,20.0,0.6861,SWITCHING,154,134,OK,184.0
2026-06-24 12:26:33,155,294.1,-98.0,20.0,0.7161,LORA,155,135,OK,184.0
2026-06-24 12:26:35,156,294.1,-101.0,20.0,0.6861,SWITCHING,156,136,OK,184.0
2026-06-24 12:26:41,157,294.1,-95.0,20.0,0.7461,LORA,157,137,OK,184.0
2026-06-24 12:26:43,158,294.1,-99.0,20.0,0.7061,SWITCHING,158,138,OK,184.0
2026-06-24 12:26:45,159,294.1,-98.0,20.0,0.7161,LORA,159,139,OK,184.0
2026-06-24 12:26:47,160,434.6,-101.0,20.0,0.6842,SWITCHING,160,140,OK,355.0
2026-06-24 12:26:51,161,434.6,-100.0,20.0,0.6942,SWITCHING,161,141,OK,355.0
2026-06-24 12:26:53,162,434.6,-100.0,20.0,0.6942,SWITCHING,162,142,OK,355.0
2026-06-24 12:26:55,163,434.6,-101.0,-19.0,0.3942,SWITCHING,163,143,OK,355.0
2026-06-24 12:26:57,164,434.6,-102.0,-20.0,0.3742,SWITCHING,164,144,OK,355.0
2026-06-24 12:27:02,165,434.6,-103.0,-20.0,0.3642,SWITCHING,165,145,OK,355.0
2026-06-24 12:27:04,166,540.8,-101.0,-19.0,0.3928,SWITCHING,166,146,OK,355.0
2026-06-24 12:27:06,167,540.8,-102.0,-20.0,0.3728,SWITCHING,167,147,OK,355.0
2026-06-24 12:27:08,168,540.8,-102.0,-20.0,0.3728,SWITCHING,168,148,OK,355.0
2026-06-24 12:27:12,169,540.8,-103.0,-20.0,0.3628,SWITCHING,169,149,OK,355.0
2026-06-24 12:27:14,170,540.8,-100.0,-18.0,0.4128,SWITCHING,170,150,OK,355.0
2026-06-24 12:27:16,171,540.8,-103.0,-20.0,0.3628,SWITCHING,171,151,OK,355.0
2026-06-24 12:27:20,172,661.8,-104.0,-20.0,0.3512,SWITCHING,172,152,OK,579.0
2026-06-24 12:27:22,173,661.8,-102.0,-20.0,0.3712,SWITCHING,173,153,OK,579.0
2026-06-24 12:27:24,174,661.8,-102.0,-20.0,0.3712,SWITCHING,174,154,OK,579.0
2026-06-24 12:27:27,175,661.8,-102.0,2.0,0.5912,SWITCHING,175,155,OK,579.0
2026-06-24 12:27:30,176,661.8,-102.0,2.0,0.5912,SWITCHING,176,156,OK,579.0
2026-06-24 12:27:32,177,661.8,-103.0,1.0,0.5712,SWITCHING,177,157,OK,57.0
2026-06-24 12:27:34,178,661.8,-104.0,0.0,0.5512,SWITCHING,178,158,OK,579.0
2026-06-24 12:27:36,179,823.1,-103.0,1.0,0.569,SWITCHING,179,159,OK,579.0
2026-06-24 12:27:38,180,823.1,-99.0,5.0,0.649,SWITCHING,180,160,OK,579.0
2026-06-24 12:27:42,181,823.1,-103.0,1.0,0.569,SWITCHING,181,161,OK,579.0
2026-06-24 12:28:06,182,995.0,-103.0,0.0,0.5567,SWITCHING,182,162,OK,290.0
2026-06-24 12:37:43,183,44.6,-33.0,20.0,0.9994,LORA,183,163,OK,90.0
2026-06-24 12:37:45,184,44.6,-37.0,20.0,0.9994,LORA,184,164,OK,90.0
2026-06-24 12:37:47,185,44.6,-34.0,20.0,0.9994,LORA,185,165,OK,90.0
2026-06-24 12:37:51,186,44.6,-37.0,20.0,0.9994,LORA,186,166,OK,90.0
2026-06-24 12:37:53,187,44.6,-35.0,20.0,0.9994,LORA,187,167,OK,90.0
2026-06-24 12:37:55,188,44.6,-37.0,20.0,0.9994,LORA,188,168,OK,90.0
2026-06-24 12:37:57,189,44.6,-36.0,20.0,0.9994,LORA,189,169,OK,90.0
2026-06-24 12:37:59,190,39.7,-36.0,20.0,0.9995,LORA,190,170,OK,90.0
