timestamp,seq_num,radiation_wm2,state_label,RSSI_dBm,SNR_dB,distance_m,P_LoRa
2026-06-01 17:08:46,1,1.0,LORA,-23.0,81.0,6.6,0.9999
2026-06-01 17:08:48,2,1.0,LORA,-25.0,79.0,6.6,0.9999
2026-06-01 17:08:50,3,1.0,LORA,-24.0,80.0,6.6,0.9999
2026-06-01 17:08:52,4,1.0,LORA,-25.0,79.0,6.6,0.9999
2026-06-01 17:08:54,5,1.0,LORA,-25.0,79.0,6.6,0.9999
2026-06-01 17:08:56,6,1.0,LORA,-24.0,80.0,6.6,0.9999
2026-06-01 17:08:58,7,1.0,LORA,-24.0,80.0,6.6,0.9999
2026-06-01 17:09:00,8,1.0,LORA,-24.0,80.0,40.3,0.9995
2026-06-01 17:09:02,9,1.0,LORA,-22.0,82.0,40.3,0.9995
2026-06-01 17:09:04,10,1.0,LORA,-22.0,82.0,40.3,0.9995
2026-06-01 17:09:06,11,1.0,LORA,-23.0,81.0,40.3,0.9995
2026-06-01 17:09:08,12,1.0,LORA,-23.0,81.0,40.3,0.9995
2026-06-01 17:09:10,13,1.0,SWITCHING,-101.0,3.0,40.3,0.535
2026-06-01 17:09:12,14,1.0,LORA,-24.0,80.0,40.3,0.9995
2026-06-01 17:09:14,15,1.0,LORA,-25.0,79.0,40.3,0.9995
2026-06-01 17:09:16,16,1.0,LORA,-22.0,82.0,40.8,0.9995
2026-06-01 17:09:33,17,1.0,LORA,-32.0,73.0,40.8,0.9883
2026-06-01 17:09:34,18,1.0,LORA,-27.0,74.0,36.0,0.9995
2026-06-01 17:09:36,19,1.0,LORA,-22.0,79.0,36.0,0.9995
2026-06-01 17:09:49,20,1.0,LORA,-22.0,79.0,29.5,0.9996
2026-06-01 17:09:51,21,1.0,LORA,-27.0,74.0,29.5,0.9996
2026-06-01 17:10:04,22,1.0,LORA,-20.0,82.0,24.7,0.9997
2026-06-01 17:10:06,23,1.0,LORA,-21.0,81.0,24.7,0.9997
2026-06-01 17:10:10,24,1.0,LORA,-19.0,83.0,24.7,0.9997
2026-06-01 17:10:12,25,1.0,LORA,-19.0,83.0,24.7,0.9997
2026-06-01 17:10:14,26,1.0,LORA,-19.0,83.0,24.7,0.9997
2026-06-01 17:10:16,27,1.0,LORA,-19.0,83.0,24.7,0.9997
2026-06-01 17:10:20,28,1.0,LORA,-33.0,69.0,24.6,0.983
2026-06-01 17:10:22,29,1.0,LORA,-20.0,82.0,24.6,0.9997
2026-06-01 17:10:24,30,1.0,LORA,-19.0,83.0,24.6,0.9997
2026-06-01 17:10:26,31,1.0,LORA,-19.0,83.0,24.6,0.9997
2026-06-01 17:10:30,32,1.0,LORA,-20.0,82.0,24.6,0.9997
2026-06-01 17:10:32,33,1.0,LORA,-21.0,81.0,24.6,0.9997
2026-06-01 17:10:34,34,1.0,LORA,-21.0,107.0,24.6,0.9997
2026-06-01 17:10:36,35,1.0,LORA,-21.0,107.0,24.8,0.9997
2026-06-01 17:10:40,36,1.0,LORA,-21.0,107.0,24.8,0.9997
2026-06-01 17:10:42,37,1.0,LORA,-21.0,107.0,24.8,0.9997
2026-06-01 17:10:44,38,1.0,LORA,-22.0,106.0,24.8,0.9997
2026-06-01 17:10:46,39,1.0,LORA,-22.0,106.0,24.8,0.9997
2026-06-01 17:10:50,40,1.0,LORA,-22.0,106.0,24.8,0.9997
2026-06-01 17:10:52,41,1.0,LORA,-22.0,106.0,24.4,0.9997
2026-06-01 17:10:54,42,1.0,LORA,-21.0,107.0,24.4,0.9997
2026-06-01 17:10:56,43,1.0,LORA,-22.0,106.0,24.4,0.9997
2026-06-01 17:11:00,44,1.0,LORA,-21.0,107.0,24.4,0.9997
2026-06-01 17:11:02,45,1.0,LORA,-22.0,106.0,24.4,0.9997
2026-06-01 17:11:04,46,1.0,LORA,-22.0,106.0,24.4,0.9997
2026-06-01 17:11:06,47,1.0,LORA,-22.0,106.0,24.4,0.9997
2026-06-01 17:11:11,48,1.0,LORA,-22.0,106.0,22.1,0.9997
2026-06-01 17:11:12,49,1.0,LORA,-23.0,105.0,22.1,0.9997
2026-06-01 17:11:14,50,1.0,LORA,-21.0,107.0,22.1,0.9997
2026-06-01 17:11:16,51,1.0,LORA,-21.0,107.0,22.1,0.9997
2026-06-01 17:11:18,52,1.0,LORA,-23.0,105.0,22.1,0.9997
2026-06-01 17:11:20,53,1.0,LORA,-22.0,106.0,22.1,0.9997
2026-06-01 17:11:22,54,1.0,LORA,-22.0,106.0,22.1,0.9997
2026-06-01 17:11:24,55,1.0,LORA,-22.0,106.0,10.4,0.9999
2026-06-01 17:11:26,56,1.0,LORA,-22.0,106.0,10.4,0.9999
2026-06-01 17:11:28,57,1.0,LORA,-23.0,105.0,10.4,0.9999
2026-06-01 17:11:30,58,1.0,LORA,-21.0,107.0,10.4,0.9999
2026-06-01 17:11:32,59,1.0,LORA,-22.0,106.0,10.4,0.9999
2026-06-01 17:11:34,60,1.0,LORA,-21.0,82.0,10.4,0.9999
2026-06-01 17:11:36,61,1.0,LORA,-21.0,82.0,10.4,0.9999
2026-06-01 17:11:38,62,1.0,LORA,-23.0,80.0,10.4,0.9999
2026-06-01 17:11:40,63,1.0,LORA,-22.0,81.0,8.5,0.9999
2026-06-01 17:11:42,64,1.0,LORA,-20.0,83.0,8.5,0.9999
2026-06-01 17:11:44,65,1.0,LORA,-21.0,82.0,8.5,0.9999
2026-06-01 17:11:46,66,1.0,LORA,-20.0,83.0,8.5,0.9999
2026-06-01 17:11:49,67,1.0,LORA,-22.0,81.0,8.5,0.9999
2026-06-01 17:11:50,68,1.0,LORA,-21.0,82.0,8.5,0.9999
2026-06-01 17:11:52,69,1.0,LORA,-21.0,82.0,8.5,0.9999
2026-06-01 17:11:54,70,1.0,LORA,-33.0,70.0,8.5,0.9832
2026-06-01 17:11:56,71,1.0,LORA,-19.0,84.0,8.7,0.9999
2026-06-01 17:11:58,72,1.0,LORA,-21.0,82.0,8.7,0.9999
2026-06-01 17:12:00,73,1.0,LORA,-20.0,83.0,8.7,0.9999
2026-06-01 17:12:02,74,1.0,LORA,-21.0,82.0,8.7,0.9999
2026-06-01 17:12:04,75,1.0,LORA,-21.0,81.0,8.7,0.9999
2026-06-01 17:12:06,76,1.0,LORA,-20.0,82.0,8.7,0.9999
2026-06-01 17:12:08,77,1.0,LORA,-21.0,81.0,8.7,0.9999
2026-06-01 17:12:10,78,1.0,LORA,-20.0,82.0,8.7,0.9999
2026-06-01 17:12:12,79,1.0,LORA,-21.0,81.0,20.3,0.9997
2026-06-01 17:12:14,80,1.0,LORA,-21.0,81.0,20.3,0.9997
2026-06-01 17:12:16,81,1.0,LORA,-23.0,79.0,20.3,0.9997
2026-06-01 17:12:18,82,1.0,LORA,-24.0,78.0,20.3,0.9997
2026-06-01 17:12:20,83,1.0,LORA,-22.0,80.0,20.3,0.9997
2026-06-01 17:12:22,84,1.0,LORA,-22.0,80.0,20.3,0.9997
2026-06-01 17:12:24,85,1.0,LORA,-23.0,79.0,20.3,0.9997
2026-06-01 17:12:26,86,1.0,LORA,-22.0,80.0,20.3,0.9997
2026-06-01 17:12:28,87,1.0,LORA,-23.0,79.0,13.2,0.9998
2026-06-01 17:12:30,88,1.0,LORA,-22.0,80.0,13.2,0.9998
2026-06-01 17:12:32,89,1.0,LORA,-22.0,80.0,13.2,0.9998
2026-06-01 17:12:34,90,1.0,LORA,-22.0,79.0,13.2,0.9998
2026-06-01 17:12:36,91,1.0,LORA,-22.0,79.0,13.2,0.9998
2026-06-01 17:12:38,92,1.0,LORA,-23.0,78.0,13.2,0.9998
2026-06-01 17:12:40,93,1.0,LORA,-22.0,79.0,13.2,0.9998
2026-06-01 17:12:42,94,1.0,LORA,-22.0,79.0,13.2,0.9998
2026-06-01 17:12:44,95,1.0,LORA,-21.0,80.0,12.5,0.9998
2026-06-01 17:12:46,96,1.0,LORA,-21.0,80.0,12.5,0.9998
2026-06-01 17:12:48,97,1.0,LORA,-23.0,78.0,12.5,0.9998
2026-06-01 17:12:50,98,1.0,LORA,-21.0,80.0,12.5,0.9998
2026-06-01 17:12:52,99,1.0,LORA,-22.0,79.0,12.5,0.9998
2026-06-01 17:12:54,100,1.0,LORA,-23.0,78.0,12.5,0.9998
2026-06-01 17:12:56,101,1.0,LORA,-22.0,79.0,12.5,0.9998
2026-06-01 17:12:58,102,1.0,LORA,-22.0,79.0,12.5,0.9998
2026-06-01 17:13:00,103,1.0,LORA,-22.0,79.0,11.5,0.9998
2026-06-01 17:13:02,104,1.0,LORA,-21.0,80.0,11.5,0.9998
2026-06-01 17:13:04,105,1.0,LORA,-23.0,79.0,11.5,0.9998
2026-06-01 17:13:06,106,1.0,LORA,-22.0,80.0,11.5,0.9998
2026-06-01 17:13:09,107,1.0,LORA,-22.0,80.0,11.5,0.9998
2026-06-01 17:13:10,108,1.0,LORA,-22.0,80.0,11.5,0.9998
2026-06-01 17:13:12,109,1.0,LORA,-25.0,77.0,11.5,0.9998
2026-06-01 17:13:14,110,1.0,LORA,-23.0,79.0,11.5,0.9998
2026-06-01 17:13:16,111,1.0,LORA,-22.0,80.0,12.1,0.9998
2026-06-01 17:13:19,112,1.0,LORA,-22.0,80.0,12.1,0.9998
2026-06-01 17:13:20,113,1.0,LORA,-22.0,80.0,12.1,0.9998
2026-06-01 17:13:22,114,1.0,LORA,-21.0,81.0,12.1,0.9998
2026-06-01 17:13:24,115,1.0,LORA,-22.0,80.0,12.1,0.9998
2026-06-01 17:13:26,116,1.0,LORA,-23.0,79.0,12.1,0.9998
2026-06-01 17:13:28,117,1.0,LORA,-23.0,79.0,12.1,0.9998
2026-06-01 17:13:30,118,1.0,LORA,-20.0,82.0,12.1,0.9998
2026-06-01 17:13:32,119,1.0,LORA,-22.0,80.0,13.6,0.9998
2026-06-01 17:13:34,120,1.0,LORA,-22.0,65.0,13.6,0.9998
2026-06-01 17:13:36,121,1.0,LORA,-22.0,65.0,13.6,0.9998
2026-06-01 17:13:38,122,1.0,LORA,-21.0,66.0,13.6,0.9998
2026-06-01 17:13:40,123,1.0,LORA,-20.0,67.0,13.6,0.9998
2026-06-01 17:13:42,124,1.0,LORA,-22.0,65.0,13.6,0.9998
2026-06-01 17:13:44,125,1.0,LORA,-21.0,66.0,13.6,0.9998
2026-06-01 17:13:46,126,1.0,LORA,-21.0,66.0,13.6,0.9998
2026-06-01 17:13:48,127,1.0,LORA,-23.0,64.0,10.8,0.9999
2026-06-01 17:13:51,128,1.0,LORA,-21.0,66.0,10.8,0.9999
2026-06-01 17:13:53,129,1.0,LORA,-21.0,66.0,10.8,0.9999
2026-06-01 17:13:55,130,1.0,LORA,-21.0,66.0,10.8,0.9999
2026-06-01 17:13:57,131,1.0,LORA,-21.0,66.0,10.8,0.9999
2026-06-01 17:13:59,132,1.0,LORA,-22.0,65.0,10.8,0.9999
2026-06-01 17:14:01,133,1.0,LORA,-21.0,66.0,10.8,0.9999
2026-06-01 17:14:03,134,1.0,SWITCHING,-102.0,-15.0,9.6,0.3499
2026-06-01 17:14:05,135,1.0,LORA,-22.0,65.0,9.6,0.9999
2026-06-01 17:14:07,136,1.0,LORA,-23.0,64.0,9.6,0.9999
2026-06-01 17:14:09,137,1.0,LORA,-22.0,65.0,9.6,0.9999
2026-06-01 17:14:11,138,1.0,LORA,-22.0,65.0,9.6,0.9999
2026-06-01 17:14:13,139,1.0,LORA,-21.0,66.0,9.6,0.9999
2026-06-01 17:14:15,140,1.0,LORA,-22.0,65.0,9.6,0.9999
2026-06-01 17:14:17,141,1.0,LORA,-21.0,66.0,9.6,0.9999
2026-06-01 17:14:19,142,1.0,LORA,-21.0,66.0,9.5,0.9999
2026-06-01 17:14:21,143,1.0,LORA,-21.0,66.0,9.5,0.9999
2026-06-01 17:14:23,144,1.0,LORA,-21.0,66.0,9.5,0.9999
2026-06-01 17:14:25,145,1.0,LORA,-21.0,66.0,9.5,0.9999
2026-06-01 17:14:27,146,1.0,LORA,-21.0,66.0,9.5,0.9999
2026-06-01 17:14:29,147,1.0,LORA,-21.0,66.0,9.5,0.9999
2026-06-01 17:14:31,148,1.0,LORA,-21.0,66.0,9.5,0.9999
2026-06-01 17:14:33,149,1.0,SWITCHING,-102.0,-15.0,9.5,0.3499
2026-06-01 17:14:35,150,1.0,LORA,-21.0,66.0,9.9,0.9999
2026-06-01 17:14:37,151,1.0,LORA,-21.0,66.0,9.9,0.9999
2026-06-01 17:14:39,152,1.0,LORA,-21.0,66.0,9.9,0.9999
2026-06-01 17:14:41,153,1.0,LORA,-22.0,65.0,9.9,0.9999
2026-06-01 17:14:43,154,1.0,LORA,-21.0,66.0,9.9,0.9999
2026-06-01 17:14:45,155,1.0,LORA,-21.0,66.0,9.9,0.9999
2026-06-01 17:14:47,156,1.0,LORA,-20.0,67.0,9.9,0.9999
2026-06-01 17:14:49,157,1.0,LORA,-19.0,68.0,9.9,0.9999
2026-06-01 17:14:51,158,1.0,LORA,-19.0,68.0,10.3,0.9999
2026-06-01 17:14:53,159,1.0,LORA,-20.0,67.0,10.3,0.9999
2026-06-01 17:14:55,160,1.0,LORA,-21.0,66.0,10.3,0.9999
2026-06-01 17:14:57,161,1.0,LORA,-20.0,67.0,10.3,0.9999
2026-06-01 17:42:50,1,0.0,LORA,-40.0,20.0,25.5,0.9997
2026-06-01 17:42:52,2,0.0,LORA,-42.0,20.0,25.5,0.9997
2026-06-01 17:42:54,3,0.0,SWITCHING,-101.0,2.0,25.5,0.6097
2026-06-01 17:42:56,4,0.0,LORA,-40.0,20.0,25.5,0.9997
2026-06-01 17:42:58,5,0.0,LORA,-43.0,20.0,25.5,0.9997
2026-06-01 17:43:01,6,0.0,LORA,-37.0,20.0,25.5,0.9997
2026-06-01 17:43:03,7,0.0,LORA,-40.0,20.0,25.5,0.9997
2026-06-01 17:43:05,8,0.0,LORA,-42.0,20.0,20.4,0.9997
2026-06-01 17:43:07,9,0.0,LORA,-42.0,20.0,20.4,0.9997
2026-06-01 17:43:09,10,0.0,LORA,-41.0,20.0,20.4,0.9997
2026-06-01 17:43:11,11,0.0,LORA,-39.0,20.0,20.4,0.9997
2026-06-01 17:43:13,12,0.0,LORA,-40.0,20.0,20.4,0.9997
2026-06-01 17:43:15,13,0.0,LORA,-40.0,20.0,20.4,0.9997
2026-06-01 17:43:17,14,0.0,LORA,-36.0,20.0,20.4,0.9997
2026-06-01 17:43:19,15,0.0,LORA,-39.0,20.0,19.5,0.9997
2026-06-01 17:43:21,16,1.0,LORA,-37.0,20.0,19.5,0.9997
2026-06-01 17:43:23,17,1.0,LORA,-38.0,20.0,19.5,0.9997
2026-06-01 17:43:30,18,1.0,LORA,-47.0,20.0,19.5,0.9997
2026-06-01 17:43:33,19,1.0,LORA,-46.0,20.0,19.5,0.9997
2026-06-01 17:43:35,20,1.0,LORA,-45.0,20.0,19.5,0.9997
2026-06-01 17:43:37,21,1.0,LORA,-46.0,20.0,20.6,0.9997
2026-06-01 17:43:39,22,1.0,LORA,-47.0,20.0,20.6,0.9997
2026-06-01 17:43:41,23,1.0,LORA,-36.0,20.0,20.6,0.9997
2026-06-01 17:43:43,24,1.0,LORA,-34.0,20.0,20.6,0.9997
2026-06-01 17:43:45,25,1.0,LORA,-33.0,20.0,20.6,0.9997
2026-06-01 17:43:47,26,1.0,LORA,-33.0,20.0,20.6,0.9997
2026-06-01 17:43:49,27,1.0,LORA,-33.0,20.0,20.6,0.9997
2026-06-01 17:43:51,28,1.0,LORA,-33.0,20.0,20.6,0.9997
2026-06-01 17:43:53,29,1.0,LORA,-34.0,20.0,21.7,0.9997
2026-06-01 17:44:01,30,1.0,LORA,-33.0,20.0,21.7,0.9997
2026-06-01 17:44:03,31,1.0,LORA,-33.0,20.0,21.7,0.9997
2026-06-01 17:44:05,32,1.0,LORA,-33.0,20.0,21.7,0.9997
2026-06-01 17:44:07,33,1.0,LORA,-37.0,20.0,21.7,0.9997
2026-06-01 17:44:09,34,1.0,LORA,-34.0,20.0,22.6,0.9997
2026-06-01 17:44:11,35,1.0,LORA,-35.0,20.0,22.6,0.9997
2026-06-01 17:44:13,36,1.0,LORA,-40.0,20.0,22.6,0.9997
2026-06-01 17:44:15,37,1.0,LORA,-40.0,20.0,22.6,0.9997
2026-06-01 17:44:17,38,1.0,LORA,-42.0,20.0,22.6,0.9997
2026-06-01 17:44:19,39,1.0,LORA,-41.0,20.0,22.6,0.9997
2026-06-01 17:44:21,40,1.0,LORA,-39.0,20.0,22.6,0.9997
2026-06-01 17:44:23,41,1.0,LORA,-37.0,20.0,25.5,0.9997
2026-06-01 17:44:31,42,1.0,LORA,-38.0,20.0,25.5,0.9997
2026-06-01 17:44:33,43,1.0,LORA,-36.0,20.0,25.5,0.9997
2026-06-01 17:44:37,44,1.0,LORA,-34.0,20.0,25.5,0.9997
2026-06-01 17:44:37,45,1.0,LORA,-34.0,20.0,25.5,0.9997
2026-06-01 17:44:39,46,1.0,LORA,-35.0,20.0,28.1,0.9996
2026-06-01 17:44:41,47,1.0,LORA,-32.0,20.0,28.1,0.9996
2026-06-01 17:44:43,48,1.0,LORA,-31.0,20.0,28.1,0.9996
2026-06-01 17:44:45,49,1.0,LORA,-31.0,20.0,28.1,0.9996
2026-06-01 17:44:47,50,1.0,LORA,-30.0,20.0,28.1,0.9996
2026-06-01 17:44:50,51,1.0,LORA,-31.0,20.0,28.1,0.9996
2026-06-01 17:44:52,52,1.0,LORA,-30.0,20.0,28.1,0.9996
2026-06-01 17:44:53,53,1.0,LORA,-31.0,20.0,28.1,0.9996
2026-06-01 17:44:55,54,1.0,LORA,-29.0,20.0,29.2,0.9996
2026-06-01 17:44:58,55,1.0,LORA,-38.0,20.0,29.2,0.9996
2026-06-01 17:45:11,56,1.0,LORA,-39.0,20.0,29.2,0.9996
2026-06-01 17:45:13,57,1.0,LORA,-36.0,20.0,31.9,0.9996
2026-06-01 17:45:15,58,1.0,LORA,-33.0,20.0,31.9,0.9996
2026-06-01 17:45:17,59,1.0,LORA,-33.0,20.0,31.9,0.9996
2026-06-01 17:45:19,60,1.0,LORA,-35.0,20.0,31.9,0.9996
2026-06-01 17:45:21,61,1.0,LORA,-36.0,20.0,31.9,0.9996
2026-06-01 17:45:24,62,1.0,LORA,-30.0,20.0,31.9,0.9996
2026-06-01 17:45:26,63,1.0,LORA,-25.0,20.0,31.9,0.9996
2026-06-01 17:45:28,64,22.0,LORA,-24.0,20.0,29.8,0.9996
2026-06-01 17:45:30,65,22.0,LORA,-24.0,20.0,29.8,0.9996
2026-06-01 17:45:32,66,22.0,LORA,-24.0,20.0,29.8,0.9996
2026-06-01 17:45:34,67,22.0,LORA,-29.0,20.0,29.8,0.9996
2026-06-01 17:45:36,68,22.0,LORA,-29.0,20.0,29.8,0.9996
2026-06-01 17:45:38,69,22.0,LORA,-29.0,20.0,29.8,0.9996
2026-06-01 17:45:40,70,22.0,LORA,-30.0,20.0,29.8,0.9996
2026-06-01 17:45:42,71,22.0,LORA,-28.0,20.0,29.8,0.9996
2026-06-01 17:45:44,72,22.0,LORA,-29.0,20.0,34.5,0.9995
2026-06-01 17:45:46,73,22.0,LORA,-28.0,20.0,34.5,0.9995
2026-06-01 17:45:48,74,22.0,LORA,-30.0,20.0,34.5,0.9995
2026-06-01 17:45:50,75,22.0,LORA,-30.0,20.0,34.5,0.9995
2026-06-01 17:45:52,76,22.0,LORA,-29.0,20.0,34.5,0.9995
2026-06-01 17:45:54,77,22.0,LORA,-28.0,20.0,34.5,0.9995
2026-06-01 17:45:57,78,22.0,LORA,-30.0,20.0,34.5,0.9995
2026-06-01 17:45:59,79,22.0,LORA,-26.0,20.0,34.5,0.9995
2026-06-01 17:46:01,80,1.0,LORA,-30.0,20.0,36.4,0.9995
2026-06-01 17:46:03,81,1.0,LORA,-29.0,20.0,36.4,0.9995
2026-06-01 17:46:05,82,1.0,LORA,-29.0,20.0,36.4,0.9995
2026-06-01 17:46:07,83,1.0,LORA,-27.0,20.0,36.4,0.9995
2026-06-01 17:46:09,84,1.0,LORA,-31.0,20.0,36.4,0.9995
2026-06-01 17:46:12,85,1.0,LORA,-29.0,20.0,36.4,0.9995
2026-06-01 17:46:14,86,1.0,LORA,-27.0,20.0,36.4,0.9995
2026-06-01 17:46:16,87,1.0,LORA,-28.0,20.0,36.2,0.9995
2026-06-01 17:46:18,88,1.0,LORA,-28.0,20.0,36.2,0.9995
2026-06-01 17:46:30,89,1.0,LORA,-27.0,20.0,36.2,0.9995
2026-06-01 17:46:32,90,1.0,LORA,-29.0,20.0,34.8,0.9995
2026-06-01 17:46:35,91,1.0,LORA,-29.0,20.0,34.8,0.9995
2026-06-01 17:46:37,92,1.0,LORA,-24.0,20.0,34.8,0.9995
2026-06-01 17:46:39,93,1.0,LORA,-26.0,20.0,34.8,0.9995
2026-06-01 17:46:41,94,1.0,LORA,-28.0,20.0,34.8,0.9995
2026-06-01 17:46:43,95,1.0,LORA,-26.0,20.0,34.8,0.9995
2026-06-01 17:46:45,96,1.0,LORA,-29.0,20.0,34.8,0.9995
2026-06-01 17:46:47,97,1.0,LORA,-32.0,20.0,34.8,0.9995
2026-06-01 17:46:49,98,1.0,LORA,-31.0,20.0,38.6,0.9995
2026-06-01 17:46:51,99,1.0,LORA,-27.0,20.0,38.6,0.9995
2026-06-01 17:46:53,100,1.0,LORA,-28.0,20.0,38.6,0.9995
2026-06-01 17:47:00,101,1.0,LORA,-32.0,20.0,38.6,0.9995
2026-06-01 17:47:03,102,1.0,LORA,-27.0,20.0,38.6,0.9995
2026-06-01 17:47:05,103,0.0,LORA,-27.0,20.0,38.3,0.9995
2026-06-01 17:47:07,104,0.0,LORA,-30.0,20.0,38.3,0.9995
2026-06-01 17:47:09,105,0.0,LORA,-28.0,20.0,38.3,0.9995
2026-06-01 17:47:11,106,0.0,LORA,-29.0,20.0,38.3,0.9995
2026-06-01 17:47:13,107,0.0,LORA,-32.0,20.0,38.3,0.9995
2026-06-01 17:47:15,108,0.0,LORA,-34.0,20.0,38.3,0.9995
2026-06-01 17:47:17,109,0.0,LORA,-32.0,20.0,38.3,0.9995
2026-06-01 17:47:19,110,0.0,LORA,-29.0,20.0,39.6,0.9995
2026-06-01 17:47:21,111,0.0,LORA,-31.0,20.0,39.6,0.9995
2026-06-01 17:47:23,112,0.0,LORA,-31.0,20.0,39.6,0.9995
2026-06-01 17:47:25,113,0.0,LORA,-31.0,20.0,39.6,0.9995
2026-06-01 17:47:27,114,0.0,LORA,-31.0,20.0,39.6,0.9995
2026-06-01 17:47:29,115,0.0,LORA,-31.0,20.0,39.6,0.9995
2026-06-01 17:47:31,116,0.0,LORA,-30.0,20.0,39.6,0.9995
2026-06-01 17:47:33,117,0.0,LORA,-31.0,20.0,39.6,0.9995
2026-06-01 17:47:35,118,0.0,LORA,-29.0,20.0,30.4,0.9996
2026-06-01 17:47:37,119,1.0,LORA,-30.0,20.0,30.4,0.9996
2026-06-01 17:47:40,120,1.0,LORA,-31.0,20.0,30.4,0.9996
2026-06-01 17:47:50,121,1.0,LORA,-32.0,20.0,30.4,0.9996
2026-06-01 17:47:52,122,1.0,LORA,-32.0,20.0,32.6,0.9996
2026-06-01 17:47:55,123,1.0,SWITCHING,-102.0,-1.0,32.6,0.5696
2026-06-01 17:47:57,124,1.0,LORA,-32.0,20.0,32.6,0.9996
2026-06-01 17:47:59,125,1.0,LORA,-32.0,20.0,32.6,0.9996
2026-06-01 17:48:01,126,1.0,LORA,-31.0,20.0,32.6,0.9996
2026-06-01 17:48:03,127,1.0,LORA,-30.0,20.0,32.6,0.9996
2026-06-01 17:48:05,128,1.0,LORA,-29.0,20.0,32.6,0.9996
2026-06-01 17:48:07,129,1.0,LORA,-29.0,20.0,33.7,0.9996
2026-06-01 17:48:09,130,1.0,LORA,-30.0,20.0,33.7,0.9996
2026-06-01 17:48:11,131,1.0,LORA,-31.0,20.0,33.7,0.9996
2026-06-01 17:48:14,132,1.0,LORA,-33.0,20.0,33.7,0.9996
2026-06-01 17:48:15,133,1.0,LORA,-33.0,20.0,33.7,0.9996
2026-06-01 17:48:18,134,1.0,LORA,-33.0,20.0,33.7,0.9996
2026-06-01 17:48:20,135,1.0,LORA,-32.0,20.0,33.7,0.9996
2026-06-01 17:48:22,136,1.0,LORA,-34.0,20.0,33.7,0.9996
2026-06-01 17:48:24,137,1.0,LORA,-33.0,20.0,31.8,0.9996
2026-06-01 17:48:26,138,1.0,LORA,-34.0,20.0,31.8,0.9996
2026-06-01 17:48:28,139,1.0,LORA,-33.0,20.0,31.8,0.9996
2026-06-01 17:48:41,140,1.0,LORA,-25.0,20.0,29.2,0.9996
2026-06-01 17:48:43,141,1.0,LORA,-26.0,20.0,29.2,0.9996
2026-06-01 17:48:45,142,1.0,LORA,-24.0,20.0,29.2,0.9996
2026-06-01 17:48:48,143,1.0,LORA,-28.0,20.0,29.2,0.9996
2026-06-01 17:48:52,144,1.0,LORA,-24.0,20.0,29.2,0.9996
2026-06-01 17:48:54,145,1.0,LORA,-25.0,20.0,29.2,0.9996
2026-06-01 17:48:56,146,1.0,LORA,-26.0,20.0,30.7,0.9996
2026-06-01 17:48:58,147,1.0,LORA,-25.0,20.0,30.7,0.9996
2026-06-01 17:49:10,148,1.0,LORA,-33.0,20.0,30.7,0.9996
2026-06-01 17:49:12,149,1.0,LORA,-23.0,20.0,33.2,0.9996
2026-06-01 17:49:15,150,1.0,LORA,-23.0,20.0,33.2,0.9996
2026-06-01 17:49:17,151,1.0,LORA,-24.0,20.0,33.2,0.9996
2026-06-01 17:49:20,152,1.0,LORA,-23.0,20.0,33.2,0.9996
2026-06-01 17:49:31,153,1.0,LORA,-26.0,20.0,32.2,0.9996
2026-06-01 17:49:34,154,1.0,LORA,-29.0,20.0,32.2,0.9996
2026-06-01 17:49:36,155,1.0,LORA,-29.0,20.0,32.2,0.9996
2026-06-01 17:49:39,156,1.0,LORA,-30.0,20.0,32.2,0.9996
2026-06-01 17:49:41,157,1.0,LORA,-29.0,20.0,32.2,0.9996
2026-06-01 17:49:43,158,1.0,LORA,-31.0,20.0,36.2,0.9995
2026-06-01 17:49:45,159,1.0,LORA,-28.0,20.0,36.2,0.9995
2026-06-01 17:49:47,160,1.0,LORA,-28.0,20.0,36.2,0.9995
2026-06-01 17:50:01,161,1.0,LORA,-30.0,20.0,43.4,0.9994
2026-06-01 17:50:02,162,1.0,LORA,-31.0,20.0,43.4,0.9994
2026-06-01 17:50:05,163,1.0,LORA,-31.0,20.0,43.4,0.9994
2026-06-04 09:56:17,1,0.0,LORA,-30.0,20.0,74.0,0.999
2026-06-04 09:56:19,2,0.0,LORA,-29.0,20.0,74.0,0.999
2026-06-04 09:56:21,3,0.0,LORA,-29.0,20.0,74.0,0.999
2026-06-04 09:56:23,4,0.0,LORA,-25.0,20.0,74.0,0.999
2026-06-04 09:56:26,5,0.0,LORA,-31.0,20.0,50.4,0.9993
2026-06-04 09:56:27,6,0.0,LORA,-30.0,20.0,50.4,0.9993
2026-06-04 09:56:30,7,0.0,LORA,-32.0,20.0,50.4,0.9993
2026-06-04 09:56:32,8,0.0,LORA,-31.0,20.0,50.4,0.9993
2026-06-04 09:56:34,9,0.0,LORA,-29.0,20.0,50.4,0.9993
2026-06-04 09:56:36,10,0.0,LORA,-30.0,20.0,50.4,0.9993
2026-06-04 09:56:38,11,0.0,LORA,-28.0,20.0,50.4,0.9993
2026-06-04 09:56:40,12,0.0,LORA,-28.0,20.0,50.4,0.9993
2026-06-04 09:56:42,13,0.0,LORA,-28.0,20.0,12.2,0.9998
2026-06-04 09:56:44,14,0.0,LORA,-31.0,20.0,12.2,0.9998
2026-06-04 09:56:46,15,0.0,LORA,-27.0,20.0,12.2,0.9998
2026-06-04 09:56:48,16,0.0,LORA,-30.0,20.0,12.2,0.9998
2026-06-04 09:56:50,17,0.0,LORA,-28.0,20.0,12.2,0.9998
2026-06-04 09:56:52,18,0.0,LORA,-29.0,20.0,12.2,0.9998
2026-06-04 09:56:54,19,0.0,LORA,-28.0,20.0,12.2,0.9998
2026-06-04 09:56:58,20,0.0,LORA,-29.0,20.0,11.8,0.9998
2026-06-04 09:57:00,21,0.0,LORA,-29.0,20.0,11.8,0.9998
2026-06-04 09:57:02,22,0.0,LORA,-32.0,20.0,11.8,0.9998
2026-06-04 09:57:04,23,0.0,LORA,-30.0,20.0,11.8,0.9998
2026-06-04 09:57:08,24,0.0,LORA,-30.0,20.0,11.8,0.9998
2026-06-04 09:57:10,25,0.0,LORA,-31.0,20.0,11.8,0.9998
2026-06-04 09:57:12,26,0.0,LORA,-28.0,20.0,11.8,0.9998
2026-06-04 09:57:15,27,0.0,LORA,-28.0,20.0,13.1,0.9998
2026-06-04 09:57:27,28,0.0,LORA,-34.0,20.0,13.1,0.9998
2026-06-04 09:57:30,29,0.0,LORA,-33.0,20.0,13.1,0.9998
2026-06-04 09:57:31,30,0.0,LORA,-30.0,20.0,13.1,0.9998
2026-06-04 09:57:34,31,0.0,LORA,-28.0,20.0,13.1,0.9998
2026-06-04 09:57:36,32,0.0,LORA,-30.0,20.0,13.1,0.9998
2026-06-04 09:57:38,33,0.0,LORA,-27.0,20.0,13.1,0.9998
2026-06-04 09:57:40,34,0.0,LORA,-28.0,20.0,13.1,0.9998
2026-06-04 09:57:42,35,0.0,LORA,-27.0,20.0,13.1,0.9998
2026-06-04 09:57:46,36,0.0,LORA,-28.0,20.0,13.1,0.9998
2026-06-04 10:08:03,1,0.0,LORA,-33.0,20.0,17.0,0.9998
2026-06-04 10:08:05,2,0.0,LORA,-33.0,20.0,17.0,0.9998
2026-06-04 10:08:07,3,0.0,LORA,-34.0,20.0,17.0,0.9998
2026-06-04 10:08:09,4,0.0,LORA,-36.0,20.0,17.0,0.9998
2026-06-04 10:08:11,5,0.0,LORA,-35.0,20.0,17.0,0.9998
2026-06-04 10:08:13,6,0.0,LORA,-35.0,20.0,17.0,0.9998
2026-06-04 10:08:15,7,0.0,LORA,-37.0,20.0,17.0,0.9998
2026-06-04 10:08:19,8,0.0,LORA,-57.0,20.0,17.3,0.9998
2026-06-04 10:08:21,9,0.0,LORA,-32.0,20.0,17.3,0.9998
2026-06-04 10:08:23,10,0.0,LORA,-32.0,20.0,17.3,0.9998
2026-06-04 10:08:25,11,0.0,LORA,-32.0,20.0,17.3,0.9998
2026-06-04 10:08:27,12,0.0,LORA,-29.0,20.0,17.3,0.9998
2026-06-04 10:08:29,13,0.0,LORA,-47.0,20.0,17.3,0.9998
2026-06-04 10:08:31,14,0.0,LORA,-32.0,20.0,17.3,0.9998
2026-06-04 10:08:33,15,0.0,LORA,-32.0,20.0,16.8,0.9998
2026-06-04 10:08:36,16,0.0,LORA,-32.0,20.0,16.8,0.9998
2026-06-04 10:08:37,17,0.0,LORA,-37.0,20.0,16.8,0.9998
2026-06-04 10:08:39,18,0.0,LORA,-33.0,20.0,16.8,0.9998
2026-06-04 10:08:41,19,0.0,LORA,-32.0,20.0,16.8,0.9998
2026-06-04 10:08:43,20,0.0,LORA,-33.0,20.0,16.8,0.9998
2026-06-04 10:08:45,21,0.0,LORA,-33.0,20.0,16.8,0.9998
2026-06-04 10:08:49,22,0.0,LORA,-36.0,20.0,17.8,0.9998
2026-06-04 10:08:51,23,0.0,LORA,-33.0,20.0,17.8,0.9998
2026-06-04 10:08:53,24,0.0,LORA,-47.0,9.0,17.8,0.9898
2026-06-04 10:08:55,25,0.0,LORA,-38.0,18.0,17.8,0.9998
2026-06-04 10:08:57,26,0.0,LORA,-35.0,20.0,17.8,0.9998
2026-06-04 10:08:59,27,0.0,LORA,-38.0,18.0,17.8,0.9998
2026-06-04 10:09:01,28,0.0,LORA,-52.0,4.0,17.8,0.9398
2026-06-04 10:09:05,29,0.0,LORA,-40.0,16.0,20.2,0.9997
2026-06-04 10:09:07,30,0.0,LORA,-35.0,20.0,20.2,0.9997
2026-06-04 10:09:10,31,0.0,LORA,-35.0,20.0,20.2,0.9997
2026-06-04 10:09:12,32,0.0,LORA,-32.0,20.0,20.2,0.9997
2026-06-04 10:09:28,33,0.0,LORA,-41.0,20.0,21.4,0.9997
2026-06-04 10:09:28,34,0.0,LORA,-33.0,20.0,21.4,0.9997
2026-06-04 10:09:28,35,0.0,LORA,-32.0,20.0,21.4,0.9997
2026-06-04 10:09:28,36,0.0,LORA,-35.0,20.0,21.4,0.9997
2026-06-04 10:09:29,37,0.0,LORA,-36.0,20.0,21.4,0.9997
2026-06-04 10:09:29,38,0.0,LORA,-36.0,20.0,21.4,0.9997
2026-06-04 10:09:32,39,0.0,LORA,-30.0,20.0,22.5,0.9997
2026-06-04 10:09:34,40,0.0,LORA,-31.0,20.0,22.5,0.9997
2026-06-04 10:09:38,41,0.0,LORA,-30.0,20.0,22.5,0.9997
2026-06-04 10:09:40,42,0.0,LORA,-35.0,20.0,22.5,0.9997
2026-06-04 10:09:42,43,0.0,LORA,-32.0,20.0,22.5,0.9997
2026-06-04 10:09:44,44,0.0,LORA,-33.0,20.0,22.5,0.9997
2026-06-04 10:09:48,45,0.0,LORA,-35.0,20.0,21.9,0.9997
2026-06-04 10:09:50,46,0.0,LORA,-35.0,20.0,21.9,0.9997
2026-06-04 10:09:52,47,0.0,LORA,-35.0,20.0,21.9,0.9997
2026-06-04 10:09:54,48,0.0,LORA,-30.0,20.0,21.9,0.9997
2026-06-04 10:09:58,49,0.0,LORA,-31.0,20.0,21.9,0.9997
2026-06-04 10:10:00,50,0.0,LORA,-29.0,20.0,21.9,0.9997
2026-06-04 10:10:02,51,0.0,LORA,-29.0,20.0,21.9,0.9997
2026-06-04 10:10:04,52,0.0,LORA,-30.0,20.0,21.5,0.9997
2026-06-04 10:10:08,53,0.0,LORA,-30.0,20.0,21.5,0.9997
2026-06-04 10:10:10,54,0.0,LORA,-31.0,20.0,21.5,0.9997
2026-06-04 10:10:12,55,0.0,LORA,-30.0,20.0,21.5,0.9997
2026-06-04 10:10:14,56,0.0,LORA,-30.0,20.0,21.5,0.9997
2026-06-04 10:10:18,57,0.0,LORA,-30.0,20.0,21.5,0.9997
2026-06-04 10:10:20,58,0.0,LORA,-31.0,20.0,20.3,0.9997
2026-06-04 10:10:23,59,0.0,LORA,-38.0,20.0,20.3,0.9997
2026-06-04 10:10:24,60,0.0,LORA,-36.0,20.0,20.3,0.9997
2026-06-04 10:10:28,61,0.0,LORA,-32.0,20.0,20.3,0.9997
2026-06-04 10:10:30,62,0.0,LORA,-32.0,20.0,20.3,0.9997
2026-06-04 10:10:33,63,0.0,LORA,-32.0,20.0,20.3,0.9997
2026-06-04 10:10:36,64,0.0,LORA,-29.0,20.0,19.4,0.9997
2026-06-04 10:10:39,65,0.0,LORA,-30.0,20.0,19.4,0.9997
2026-06-04 10:10:41,66,0.0,LORA,-31.0,20.0,19.4,0.9997
2026-06-04 10:10:42,67,0.0,LORA,-33.0,20.0,19.4,0.9997
2026-06-04 10:10:45,68,0.0,LORA,-30.0,20.0,19.4,0.9997
2026-06-04 10:10:46,69,0.0,LORA,-31.0,20.0,19.4,0.9997
2026-06-04 10:10:48,70,0.0,LORA,-30.0,20.0,19.4,0.9997
2026-06-04 10:10:51,71,0.0,LORA,-30.0,20.0,19.4,0.9997
2026-06-04 10:10:52,72,0.0,LORA,-32.0,20.0,17.4,0.9998
2026-06-04 10:10:55,73,0.0,LORA,-31.0,20.0,17.4,0.9998
2026-06-04 10:10:59,74,0.0,LORA,-32.0,20.0,17.4,0.9998
2026-06-04 10:11:03,75,0.0,LORA,-30.0,20.0,17.4,0.9998
2026-06-04 10:11:07,76,0.0,LORA,-32.0,20.0,17.4,0.9998
2026-06-04 10:11:08,77,0.0,LORA,-32.0,20.0,21.9,0.9997
2026-06-04 10:11:11,78,0.0,LORA,-33.0,20.0,21.9,0.9997
2026-06-04 10:11:15,79,0.0,LORA,-31.0,20.0,21.9,0.9997
2026-06-04 10:11:17,80,0.0,LORA,-32.0,20.0,21.9,0.9997
2026-06-04 10:11:19,81,0.0,LORA,-31.0,20.0,21.9,0.9997
2026-06-04 10:11:21,82,0.0,LORA,-32.0,20.0,21.9,0.9997
2026-06-04 10:11:23,83,0.0,LORA,-35.0,20.0,21.9,0.9997
2026-06-04 10:11:25,84,0.0,LORA,-33.0,20.0,22.4,0.9997
2026-06-04 10:11:27,85,0.0,LORA,-34.0,20.0,22.4,0.9997
2026-06-04 10:11:29,86,0.0,LORA,-32.0,20.0,22.4,0.9997
2026-06-04 10:11:33,87,0.0,LORA,-33.0,20.0,22.4,0.9997
2026-06-04 10:11:35,88,0.0,LORA,-32.0,20.0,22.4,0.9997
2026-06-04 10:11:37,89,0.0,LORA,-33.0,20.0,22.4,0.9997
2026-06-04 10:11:41,90,0.0,LORA,-32.0,20.0,26.3,0.9996
2026-06-04 10:11:45,91,0.0,LORA,-33.0,20.0,26.3,0.9996
2026-06-04 10:11:47,92,0.0,LORA,-32.0,20.0,26.3,0.9996
2026-06-04 10:11:51,93,0.0,LORA,-32.0,20.0,26.3,0.9996
2026-06-04 10:11:53,94,0.0,LORA,-32.0,20.0,26.3,0.9996
2026-06-04 10:11:55,95,0.0,LORA,-33.0,20.0,28.2,0.9996
2026-06-04 10:11:57,96,0.0,LORA,-33.0,20.0,28.2,0.9996
2026-06-04 10:11:59,97,0.0,LORA,-32.0,20.0,28.2,0.9996
2026-06-04 10:12:02,98,0.0,LORA,-33.0,20.0,28.2,0.9996
2026-06-04 10:12:06,99,0.0,LORA,-32.0,20.0,28.2,0.9996
2026-06-04 10:12:09,100,0.0,LORA,-34.0,20.0,28.2,0.9996
2026-06-04 10:12:12,101,0.0,LORA,-31.0,20.0,24.0,0.9997
2026-06-04 10:12:15,102,0.0,LORA,-33.0,20.0,24.0,0.9997
2026-06-04 10:12:17,103,0.0,LORA,-31.0,20.0,24.0,0.9997
2026-06-04 10:12:19,104,0.0,LORA,-32.0,20.0,24.0,0.9997
2026-06-04 10:12:22,105,0.0,LORA,-32.0,20.0,24.0,0.9997
2026-06-04 10:12:23,106,0.0,LORA,-32.0,20.0,24.0,0.9997
2026-06-04 10:12:25,107,0.0,LORA,-33.0,20.0,24.0,0.9997
2026-06-04 10:12:28,108,0.0,LORA,-33.0,20.0,24.1,0.9997
2026-06-04 10:12:31,109,0.0,LORA,-33.0,20.0,24.1,0.9997
2026-06-04 10:12:34,110,0.0,LORA,-33.0,20.0,24.1,0.9997
2026-06-04 10:12:37,111,0.0,LORA,-34.0,20.0,24.1,0.9997
2026-06-04 10:12:39,112,0.0,LORA,-31.0,20.0,24.1,0.9997
2026-06-04 10:12:42,113,0.0,LORA,-30.0,20.0,24.1,0.9997
2026-06-04 10:12:44,114,0.0,LORA,-31.0,20.0,22.4,0.9997
2026-06-04 10:12:46,115,0.0,LORA,-32.0,20.0,22.4,0.9997
2026-06-04 10:12:50,116,0.0,LORA,-30.0,20.0,22.4,0.9997
2026-06-04 10:12:52,117,0.0,LORA,-32.0,20.0,22.4,0.9997
2026-06-04 10:12:53,118,0.0,LORA,-38.0,20.0,22.4,0.9997
2026-06-04 10:12:56,119,0.0,LORA,-32.0,20.0,22.4,0.9997
2026-06-04 10:12:58,120,0.0,LORA,-28.0,20.0,22.4,0.9997
2026-06-04 10:13:02,121,1.0,LORA,-21.0,20.0,21.8,0.9997
2026-06-04 10:13:04,122,1.0,LORA,-22.0,20.0,21.8,0.9997
2026-06-04 10:13:06,123,1.0,LORA,-21.0,20.0,21.8,0.9997
2026-06-04 10:13:08,124,1.0,LORA,-22.0,20.0,21.8,0.9997
2026-06-04 10:13:10,125,1.0,LORA,-22.0,20.0,21.8,0.9997
2026-06-04 10:13:12,126,1.0,LORA,-21.0,20.0,21.8,0.9997
2026-06-04 10:13:14,127,1.0,LORA,-22.0,20.0,21.8,0.9997
2026-06-04 10:13:16,128,1.0,LORA,-91.0,12.0,20.2,0.7897
2026-06-04 10:13:20,129,1.0,LORA,-23.0,20.0,20.2,0.9997
2026-06-04 10:13:22,130,1.0,LORA,-24.0,20.0,20.2,0.9997
2026-06-04 10:13:26,131,1.0,LORA,-27.0,20.0,20.2,0.9997
2026-06-04 10:13:29,132,1.0,LORA,-35.0,20.0,20.2,0.9997
2026-06-04 10:13:32,133,3.0,LORA,-22.0,20.0,20.0,0.9997
2026-06-04 10:13:34,134,3.0,LORA,-27.0,20.0,20.0,0.9997
2026-06-04 10:13:38,135,3.0,LORA,-23.0,20.0,20.0,0.9997
2026-06-04 10:13:40,136,3.0,LORA,-24.0,20.0,20.0,0.9997
2026-06-04 10:13:44,137,3.0,LORA,-23.0,20.0,20.0,0.9997
2026-06-04 10:13:48,138,3.0,LORA,-23.0,20.0,20.0,0.9997
2026-06-04 10:13:50,139,3.0,LORA,-23.0,20.0,20.0,0.9997
2026-06-04 10:13:52,140,3.0,LORA,-23.0,20.0,20.0,0.9997
2026-06-04 10:13:54,141,3.0,LORA,-22.0,20.0,20.0,0.9997
2026-06-04 10:13:58,142,3.0,LORA,-22.0,20.0,20.0,0.9997
2026-06-04 10:14:00,143,3.0,LORA,-25.0,20.0,20.0,0.9997
2026-06-04 10:14:02,144,3.0,LORA,-23.0,20.0,20.0,0.9997
2026-06-04 10:14:04,145,3.0,LORA,-23.0,20.0,21.2,0.9997
2026-06-04 10:14:09,146,3.0,LORA,-22.0,20.0,21.2,0.9997
2026-06-04 10:14:13,147,3.0,LORA,-23.0,20.0,21.2,0.9997
2026-06-04 10:14:18,148,3.0,LORA,-25.0,20.0,21.2,0.9997
2026-06-04 10:14:20,149,3.0,LORA,-25.0,20.0,20.8,0.9997
2026-06-04 10:14:22,150,3.0,LORA,-26.0,20.0,20.8,0.9997
2026-06-04 10:14:24,151,3.0,LORA,-25.0,20.0,20.8,0.9997
2026-06-04 10:14:28,152,3.0,LORA,-26.0,20.0,20.8,0.9997
2026-06-04 10:14:30,153,3.0,LORA,-25.0,20.0,20.8,0.9997
2026-06-04 10:14:34,154,3.0,LORA,-25.0,20.0,20.8,0.9997
2026-06-04 10:14:39,155,2.0,LORA,-26.0,20.0,21.9,0.9997
2026-06-04 10:14:40,156,2.0,LORA,-27.0,20.0,21.9,0.9997
2026-06-04 10:14:42,157,2.0,LORA,-28.0,20.0,21.9,0.9997
2026-06-04 10:14:44,158,2.0,LORA,-25.0,20.0,21.9,0.9997
2026-06-04 10:14:48,159,2.0,LORA,-25.0,20.0,21.9,0.9997
2026-06-04 10:14:50,160,2.0,LORA,-31.0,20.0,21.9,0.9997
2026-06-04 10:14:53,161,2.0,LORA,-26.0,20.0,24.6,0.9997
2026-06-04 10:14:54,162,2.0,LORA,-25.0,20.0,24.6,0.9997
2026-06-04 10:14:58,163,2.0,LORA,-33.0,20.0,24.6,0.9997
2026-06-04 10:15:02,164,2.0,LORA,-26.0,20.0,24.6,0.9997
2026-06-04 10:15:04,165,2.0,LORA,-28.0,20.0,24.6,0.9997
2026-06-04 10:15:08,166,34.0,LORA,-29.0,20.0,25.2,0.9997
2026-06-04 10:15:10,167,34.0,LORA,-30.0,20.0,25.2,0.9997
2026-06-04 10:15:12,168,34.0,LORA,-33.0,20.0,25.2,0.9997
2026-06-04 10:15:15,169,34.0,LORA,-28.0,20.0,25.2,0.9997
2026-06-04 10:15:18,170,34.0,LORA,-34.0,20.0,25.2,0.9997
2026-06-04 10:15:20,171,34.0,LORA,-27.0,20.0,25.2,0.9997
2026-06-04 10:15:23,172,34.0,LORA,-32.0,20.0,25.2,0.9997
2026-06-04 10:15:25,173,34.0,LORA,-31.0,20.0,26.0,0.9997
2026-06-04 10:15:27,174,34.0,LORA,-26.0,20.0,26.0,0.9997
2026-06-04 10:15:29,175,34.0,LORA,-29.0,20.0,26.0,0.9997
2026-06-04 10:15:31,176,34.0,LORA,-28.0,20.0,26.0,0.9997
2026-06-04 10:15:32,177,34.0,LORA,-31.0,20.0,26.0,0.9997
2026-06-04 10:15:35,178,34.0,LORA,-27.0,20.0,26.0,0.9997
2026-06-04 10:15:37,179,34.0,LORA,-26.0,20.0,26.0,0.9997
2026-06-04 10:15:40,180,34.0,LORA,-27.0,20.0,26.0,0.9997
2026-06-04 10:15:43,181,3.0,LORA,-27.0,20.0,26.1,0.9997
2026-06-04 10:15:45,182,3.0,LORA,-26.0,20.0,26.1,0.9997
2026-06-04 10:15:50,183,3.0,LORA,-27.0,20.0,26.1,0.9997
2026-06-04 10:15:53,184,3.0,LORA,-28.0,20.0,26.1,0.9997
2026-06-04 10:15:55,185,3.0,LORA,-27.0,20.0,25.1,0.9997
2026-06-04 10:15:57,186,3.0,LORA,-28.0,20.0,25.1,0.9997
2026-06-04 10:15:59,187,3.0,LORA,-28.0,20.0,25.1,0.9997
2026-06-04 10:16:03,188,3.0,LORA,-30.0,20.0,25.1,0.9997
2026-06-04 10:16:05,189,3.0,LORA,-27.0,20.0,25.1,0.9997
2026-06-04 10:16:07,190,3.0,LORA,-28.0,20.0,25.1,0.9997
2026-06-04 10:16:11,191,3.0,LORA,-27.0,20.0,22.6,0.9997
2026-06-04 10:16:13,192,3.0,LORA,-24.0,20.0,22.6,0.9997
2026-06-04 10:16:15,193,3.0,LORA,-25.0,20.0,22.6,0.9997
2026-06-04 10:16:18,194,3.0,LORA,-26.0,20.0,22.6,0.9997
2026-06-04 10:16:21,195,3.0,LORA,-29.0,20.0,22.6,0.9997
2026-06-04 10:16:23,196,3.0,LORA,-27.0,20.0,22.6,0.9997
2026-06-04 10:16:25,197,3.0,LORA,-27.0,20.0,22.6,0.9997
2026-06-04 10:16:27,198,3.0,LORA,-27.0,20.0,23.3,0.9997
2026-06-04 10:16:29,199,3.0,LORA,-26.0,20.0,23.3,0.9997
2026-06-04 10:16:32,200,3.0,LORA,-26.0,20.0,23.3,0.9997
2026-06-04 10:16:34,201,3.0,LORA,-26.0,20.0,23.3,0.9997
2026-06-04 10:16:36,202,3.0,LORA,-26.0,20.0,23.3,0.9997
2026-06-04 10:16:38,203,3.0,LORA,-26.0,20.0,23.3,0.9997
2026-06-04 10:16:40,204,3.0,LORA,-28.0,20.0,23.3,0.9997
2026-06-04 10:16:43,205,3.0,LORA,-25.0,20.0,22.2,0.9997
2026-06-04 10:16:46,206,3.0,LORA,-26.0,20.0,22.2,0.9997
2026-06-04 10:16:48,207,3.0,LORA,-27.0,20.0,22.2,0.9997
2026-06-04 10:16:50,208,3.0,LORA,-26.0,20.0,22.2,0.9997
2026-06-04 10:16:53,209,3.0,LORA,-27.0,20.0,22.2,0.9997
2026-06-04 10:16:53,210,3.0,LORA,-27.0,20.0,22.2,0.9997
2026-06-04 10:16:56,211,3.0,LORA,-26.0,20.0,22.2,0.9997
2026-06-04 10:16:58,212,3.0,LORA,-26.0,20.0,22.2,0.9997
2026-06-04 10:17:00,213,3.0,LORA,-25.0,20.0,22.3,0.9997
2026-06-04 10:17:02,214,3.0,LORA,-28.0,20.0,22.3,0.9997
2026-06-04 10:17:06,215,3.0,LORA,-26.0,20.0,22.3,0.9997
2026-06-04 10:17:08,216,3.0,LORA,-26.0,20.0,22.3,0.9997
2026-06-04 10:17:10,217,3.0,LORA,-27.0,20.0,22.3,0.9997
2026-06-04 10:17:15,218,3.0,LORA,-27.0,20.0,22.3,0.9997
2026-06-04 10:17:15,219,3.0,LORA,-27.0,20.0,22.3,0.9997
2026-06-04 10:17:16,220,3.0,LORA,-34.0,20.0,20.8,0.9997
2026-06-04 10:17:18,221,3.0,LORA,-26.0,20.0,20.8,0.9997
2026-06-04 10:17:20,222,3.0,LORA,-25.0,20.0,20.8,0.9997
2026-06-04 10:17:22,223,3.0,LORA,-26.0,20.0,20.8,0.9997
2026-06-04 10:17:24,224,3.0,LORA,-27.0,20.0,20.8,0.9997
2026-06-04 10:17:28,225,3.0,LORA,-26.0,20.0,20.8,0.9997
2026-06-04 10:17:30,226,3.0,LORA,-26.0,20.0,20.8,0.9997
2026-06-04 10:17:32,227,3.0,LORA,-27.0,20.0,20.5,0.9997
2026-06-04 10:17:35,228,3.0,LORA,-27.0,20.0,20.5,0.9997
2026-06-04 10:17:38,229,3.0,LORA,-27.0,20.0,20.5,0.9997
2026-06-04 10:17:40,230,3.0,LORA,-27.0,20.0,20.5,0.9997
2026-06-04 10:17:43,231,3.0,LORA,-27.0,20.0,20.5,0.9997
2026-06-04 10:17:44,232,3.0,LORA,-27.0,20.0,20.5,0.9997
2026-06-04 10:17:48,233,55.0,LORA,-36.0,20.0,19.3,0.9997
2026-06-04 10:17:50,234,55.0,LORA,-41.0,20.0,19.3,0.9997
2026-06-04 10:17:52,235,55.0,LORA,-23.0,20.0,19.3,0.9997
2026-06-04 10:17:55,236,55.0,LORA,-38.0,20.0,19.3,0.9997
2026-06-04 10:17:58,237,55.0,LORA,-31.0,20.0,19.3,0.9997
2026-06-04 10:18:00,238,55.0,LORA,-26.0,20.0,19.3,0.9997
2026-06-04 10:18:02,239,55.0,LORA,-38.0,20.0,19.3,0.9997
2026-06-04 10:18:04,240,55.0,LORA,-28.0,20.0,17.1,0.9998
2026-06-04 10:18:08,241,55.0,LORA,-33.0,20.0,17.1,0.9998
2026-06-04 10:18:10,242,55.0,LORA,-31.0,20.0,17.1,0.9998
2026-06-04 10:18:12,243,55.0,LORA,-34.0,20.0,17.1,0.9998
2026-06-04 10:18:15,244,55.0,LORA,-32.0,20.0,17.1,0.9998
2026-06-04 10:18:19,245,55.0,LORA,-36.0,20.0,17.1,0.9998
2026-06-04 10:18:22,246,3.0,LORA,-46.0,20.0,16.1,0.9998
2026-06-04 10:18:24,247,3.0,LORA,-47.0,20.0,16.1,0.9998
2026-06-04 10:18:26,248,3.0,LORA,-36.0,20.0,16.1,0.9998
2026-06-04 10:18:30,249,3.0,LORA,-37.0,20.0,16.1,0.9998
2026-06-04 10:18:33,250,3.0,LORA,-44.0,20.0,16.1,0.9998
2026-06-04 10:18:35,251,3.0,LORA,-40.0,20.0,16.1,0.9998
2026-06-04 10:18:37,252,3.0,LORA,-31.0,20.0,16.1,0.9998
2026-06-04 10:18:39,253,3.0,LORA,-46.0,20.0,16.1,0.9998
2026-06-04 10:18:41,254,3.0,LORA,-55.0,20.0,16.1,0.9998
2026-06-04 10:18:42,255,3.0,LORA,-49.0,20.0,16.1,0.9998
2026-06-04 10:18:45,256,3.0,LORA,-55.0,20.0,16.1,0.9998
2026-06-04 10:18:47,257,3.0,LORA,-61.0,20.0,16.1,0.9998
2026-06-04 10:18:49,258,3.0,LORA,-56.0,20.0,16.1,0.9998
2026-06-04 10:18:51,259,3.0,LORA,-67.0,20.0,16.1,0.9998
2026-06-04 10:18:54,260,35.0,LORA,-56.0,20.0,31.6,0.9996
2026-06-04 10:18:57,261,35.0,LORA,-72.0,20.0,31.6,0.9796
2026-06-04 10:18:59,262,35.0,LORA,-69.0,20.0,31.6,0.9996
2026-06-04 10:19:01,263,35.0,SWITCHING,-101.0,2.0,31.6,0.6096
2026-06-04 10:19:03,264,35.0,LORA,-74.0,20.0,31.6,0.9596
2026-06-04 10:19:07,265,35.0,LORA,-69.0,20.0,31.6,0.9996
2026-06-04 10:19:09,266,35.0,LORA,-81.0,20.0,48.4,0.8894
2026-06-04 10:19:11,267,35.0,LORA,-71.0,20.0,48.4,0.9894
2026-06-04 10:19:13,268,35.0,LORA,-72.0,20.0,48.4,0.9794
2026-06-04 10:19:16,269,35.0,LORA,-87.0,16.0,48.4,0.8294
2026-06-04 10:19:17,270,35.0,LORA,-74.0,20.0,48.4,0.9594
2026-06-04 10:19:19,271,35.0,LORA,-77.0,20.0,48.4,0.9294
2026-06-04 10:19:21,272,35.0,LORA,-86.0,17.0,48.4,0.8394
2026-06-04 10:19:23,273,35.0,LORA,-72.0,20.0,62.9,0.9792
2026-06-04 10:19:25,274,51.0,LORA,-91.0,12.0,62.9,0.7892
2026-06-04 10:19:28,275,51.0,LORA,-77.0,20.0,62.9,0.9292
2026-06-04 10:19:30,276,51.0,LORA,-75.0,20.0,62.9,0.9492
2026-06-04 10:19:31,277,51.0,LORA,-63.0,20.0,62.9,0.9992
2026-06-04 10:19:33,278,51.0,LORA,-65.0,20.0,62.9,0.9992
2026-06-04 10:19:35,279,51.0,LORA,-82.0,20.0,62.9,0.8792
2026-06-04 10:19:40,280,51.0,LORA,-74.0,20.0,65.2,0.9591
2026-06-04 10:19:42,281,51.0,LORA,-87.0,20.0,65.2,0.8291
2026-06-04 10:19:46,282,51.0,LORA,-81.0,20.0,65.2,0.8891
2026-06-04 10:19:47,283,51.0,LORA,-75.0,20.0,65.2,0.9491
2026-06-04 10:19:49,284,51.0,LORA,-74.0,20.0,65.2,0.9591
2026-06-04 10:19:51,285,51.0,LORA,-81.0,20.0,65.2,0.8891
2026-06-04 10:19:53,286,51.0,LORA,-93.0,20.0,65.2,0.7691
2026-06-04 10:19:57,287,6.0,LORA,-83.0,20.0,72.0,0.869
2026-06-04 10:19:59,288,6.0,LORA,-86.0,20.0,72.0,0.839
2026-06-04 10:20:02,289,6.0,LORA,-84.0,18.0,72.0,0.859
2026-06-04 10:20:06,290,6.0,LORA,-84.0,18.0,72.0,0.859
2026-06-04 10:20:08,291,6.0,LORA,-88.0,14.0,72.0,0.819
2026-06-04 10:20:09,292,6.0,LORA,-82.0,20.0,72.0,0.879
2026-06-04 10:20:11,293,6.0,LORA,-85.0,17.0,78.5,0.849
2026-06-04 10:20:14,294,6.0,LORA,-90.0,12.0,78.5,0.799
2026-06-04 10:20:18,295,6.0,LORA,-88.0,14.0,78.5,0.819
2026-06-04 10:20:22,296,6.0,LORA,-89.0,13.0,78.5,0.809
2026-06-04 10:20:23,297,6.0,SWITCHING,-95.0,7.0,78.5,0.719
2026-06-04 10:20:26,298,6.0,LORA,-93.0,9.0,78.5,0.759
2026-06-04 10:20:30,299,23.0,LORA,-91.0,11.0,88.3,0.7888
2026-06-04 10:20:34,300,23.0,LORA,-94.0,20.0,88.3,0.7588
2026-06-04 10:20:35,301,23.0,SWITCHING,-96.0,20.0,88.3,0.7388
2026-06-04 10:20:38,302,23.0,LORA,-88.0,20.0,88.3,0.8188
2026-06-04 10:20:40,303,23.0,LORA,-94.0,20.0,88.3,0.7588
2026-06-04 10:20:43,304,23.0,SWITCHING,-98.0,20.0,88.3,0.7188
2026-06-04 10:20:44,305,23.0,SWITCHING,-103.0,20.0,111.9,0.6685
2026-06-04 10:20:46,306,23.0,LORA,-94.0,20.0,111.9,0.7585
2026-06-04 10:20:48,307,23.0,SWITCHING,-100.0,20.0,111.9,0.6985
2026-06-04 10:20:50,308,23.0,SWITCHING,-100.0,20.0,111.9,0.6985
2026-06-04 10:20:53,309,23.0,SWITCHING,-102.0,20.0,111.9,0.6785
2026-06-04 10:20:54,310,23.0,LORA,-97.0,20.0,111.9,0.7285
2026-06-04 10:20:58,311,23.0,SWITCHING,-99.0,20.0,111.9,0.7085
2026-06-04 10:21:00,312,38.0,SWITCHING,-102.0,20.0,105.3,0.6786
2026-06-04 10:21:02,313,38.0,SWITCHING,-102.0,20.0,105.3,0.6786
2026-06-04 10:21:04,314,38.0,SWITCHING,-102.0,20.0,105.3,0.6786
2026-06-04 10:21:08,315,38.0,SWITCHING,-100.0,20.0,105.3,0.6986
2026-06-04 10:21:10,316,38.0,LORA,-99.0,20.0,105.3,0.7086
2026-06-04 10:21:12,317,38.0,SWITCHING,-100.0,20.0,105.3,0.6986
2026-06-04 10:21:14,318,38.0,SWITCHING,-100.0,20.0,105.3,0.6986
2026-06-04 10:21:18,319,38.0,SWITCHING,-100.0,20.0,100.1,0.6987
2026-06-04 10:21:20,320,38.0,SWITCHING,-100.0,20.0,100.1,0.6987
2026-06-04 10:21:22,321,38.0,SWITCHING,-100.0,20.0,100.1,0.6987
2026-06-04 10:21:24,322,38.0,SWITCHING,-100.0,20.0,100.1,0.6987
2026-06-04 10:21:28,323,38.0,SWITCHING,-101.0,20.0,100.1,0.6887
2026-06-04 10:21:30,324,38.0,SWITCHING,-100.0,20.0,100.1,0.6987
2026-06-04 10:21:34,325,12.0,SWITCHING,-103.0,0.0,96.0,0.5687
2026-06-04 10:21:38,326,12.0,SWITCHING,-101.0,2.0,96.0,0.6087
2026-06-04 10:21:40,327,12.0,SWITCHING,-101.0,2.0,96.0,0.6087
2026-06-04 10:21:42,328,12.0,SWITCHING,-101.0,2.0,96.0,0.6087
2026-06-04 10:21:44,329,12.0,SWITCHING,-101.0,2.0,96.0,0.6087
2026-06-04 10:21:48,330,12.0,SWITCHING,-97.0,6.0,96.0,0.6887
2026-06-04 10:21:50,331,12.0,SWITCHING,-100.0,3.0,96.0,0.6287
2026-06-04 10:21:54,332,12.0,SWITCHING,-100.0,3.0,96.0,0.6287
2026-06-04 10:21:58,333,12.0,SWITCHING,-101.0,2.0,96.0,0.6087
2026-06-04 10:22:00,334,12.0,SWITCHING,-101.0,2.0,96.0,0.6087
2026-06-04 10:22:04,335,57.0,SWITCHING,-102.0,2.0,96.1,0.5987
2026-06-04 10:22:08,336,57.0,SWITCHING,-102.0,2.0,96.1,0.5987
2026-06-04 10:22:10,337,57.0,SWITCHING,-103.0,1.0,96.1,0.5787
2026-06-04 10:22:13,338,57.0,SWITCHING,-102.0,2.0,96.1,0.5987
2026-06-04 10:22:14,339,57.0,SWITCHING,-102.0,2.0,96.1,0.5987
2026-06-04 10:22:18,340,57.0,SWITCHING,-102.0,2.0,96.1,0.5987
2026-06-04 10:22:20,341,57.0,SWITCHING,-101.0,3.0,96.1,0.6187
2026-06-04 10:22:22,342,57.0,SWITCHING,-103.0,1.0,96.1,0.5787
2026-06-04 10:22:24,343,57.0,SWITCHING,-101.0,3.0,96.1,0.6187
2026-06-04 10:22:29,344,57.0,SWITCHING,-103.0,1.0,96.1,0.5787
2026-06-04 10:22:32,345,57.0,SWITCHING,-101.0,3.0,96.1,0.6187
2026-06-04 10:22:34,346,57.0,SWITCHING,-101.0,3.0,96.1,0.6187
2026-06-04 10:22:38,347,20.0,SWITCHING,-97.0,7.0,94.5,0.6987
2026-06-04 10:22:41,348,20.0,SWITCHING,-98.0,6.0,94.5,0.6787
2026-06-04 10:22:45,349,20.0,LORA,-95.0,9.0,94.5,0.7387
2026-06-04 10:22:48,350,20.0,SWITCHING,-98.0,6.0,94.5,0.6787
2026-06-04 10:22:50,351,20.0,SWITCHING,-98.0,6.0,94.5,0.6787
2026-06-04 10:22:52,352,20.0,LORA,-91.0,13.0,98.5,0.7887
2026-06-04 10:22:54,353,20.0,LORA,-91.0,13.0,98.5,0.7887
2026-06-04 10:22:57,354,20.0,SWITCHING,-102.0,2.0,98.5,0.5987
2026-06-04 10:23:00,355,20.0,LORA,-87.0,17.0,98.5,0.8287
2026-06-04 10:23:02,356,20.0,SWITCHING,-97.0,6.0,98.5,0.6887
2026-06-04 10:23:04,357,20.0,LORA,-88.0,15.0,98.5,0.8187
2026-06-04 10:23:07,358,20.0,SWITCHING,-100.0,3.0,98.5,0.6287
2026-06-04 10:23:11,359,78.0,LORA,-84.0,19.0,89.2,0.8588
2026-06-04 10:23:13,360,78.0,LORA,-88.0,15.0,89.2,0.8188
2026-06-04 10:23:17,361,78.0,LORA,-81.0,20.0,89.2,0.8888
2026-06-04 10:23:19,362,78.0,LORA,-87.0,16.0,89.2,0.8288
2026-06-04 10:23:21,363,78.0,LORA,-81.0,20.0,89.2,0.8888
2026-06-04 10:23:23,364,78.0,LORA,-79.0,20.0,89.2,0.9088
2026-06-04 10:23:25,365,78.0,LORA,-83.0,20.0,75.3,0.869
2026-06-04 10:23:27,366,78.0,LORA,-80.0,20.0,75.3,0.899
2026-06-04 10:23:31,367,78.0,LORA,-89.0,14.0,75.3,0.809
2026-06-04 10:23:33,368,78.0,LORA,-88.0,15.0,75.3,0.819
2026-06-04 10:23:35,369,78.0,LORA,-90.0,13.0,75.3,0.799
2026-06-04 10:23:37,370,78.0,LORA,-92.0,11.0,75.3,0.779
2026-06-04 10:23:39,371,78.0,SWITCHING,-94.0,9.0,75.3,0.749
2026-06-04 10:23:41,372,72.0,LORA,-91.0,12.0,81.9,0.7889
2026-06-04 10:23:43,373,72.0,LORA,-93.0,10.0,81.9,0.7689
2026-06-04 10:23:45,374,72.0,SWITCHING,-101.0,2.0,81.9,0.6089
2026-06-04 10:23:47,375,72.0,SWITCHING,-100.0,3.0,81.9,0.6289
2026-06-04 10:23:49,376,72.0,SWITCHING,-98.0,5.0,81.9,0.6689
2026-06-04 10:23:51,377,72.0,SWITCHING,-98.0,5.0,81.9,0.6689
2026-06-04 10:23:53,378,72.0,SWITCHING,-99.0,4.0,81.9,0.6489
2026-06-04 10:23:57,379,72.0,LORA,-93.0,10.0,86.4,0.7688
2026-06-04 10:23:57,380,72.0,LORA,-92.0,11.0,86.4,0.7788
2026-06-04 10:23:59,381,72.0,LORA,-92.0,11.0,86.4,0.7788
2026-06-04 10:24:03,382,72.0,LORA,-93.0,10.0,86.4,0.7688
2026-06-04 10:24:05,383,72.0,LORA,-92.0,11.0,86.4,0.7788
2026-06-04 10:24:10,384,72.0,SWITCHING,-97.0,6.0,86.4,0.6888
2026-06-04 10:24:13,385,56.0,LORA,-91.0,12.0,80.2,0.7889
2026-06-04 10:24:15,386,56.0,LORA,-88.0,15.0,80.2,0.8189
2026-06-04 10:24:17,387,56.0,LORA,-91.0,12.0,80.2,0.7889
2026-06-04 10:24:19,388,56.0,LORA,-90.0,13.0,80.2,0.7989
2026-06-04 10:24:22,389,56.0,LORA,-93.0,10.0,80.2,0.7689
2026-06-04 10:24:25,390,56.0,SWITCHING,-95.0,8.0,80.2,0.7289
2026-06-04 10:24:27,391,56.0,LORA,-87.0,16.0,75.1,0.829
2026-06-04 10:24:29,392,56.0,LORA,-92.0,11.0,75.1,0.779
2026-06-04 10:24:33,393,56.0,SWITCHING,-100.0,3.0,75.1,0.629
2026-06-04 10:24:37,394,56.0,SWITCHING,-99.0,4.0,75.1,0.649
2026-06-04 10:24:41,395,56.0,LORA,-91.0,12.0,75.1,0.789
2026-06-04 10:24:43,396,56.0,LORA,-92.0,11.0,82.9,0.7789
2026-06-04 10:24:45,397,85.0,LORA,-88.0,15.0,82.9,0.8189
2026-06-04 10:24:47,398,85.0,LORA,-91.0,12.0,82.9,0.7889
2026-06-04 10:24:49,399,85.0,LORA,-90.0,13.0,82.9,0.7989
2026-06-04 10:24:53,400,85.0,SWITCHING,-96.0,7.0,82.9,0.7089
2026-06-04 10:24:57,401,85.0,LORA,-95.0,8.0,82.9,0.7289
2026-06-04 10:24:59,402,85.0,SWITCHING,-96.0,7.0,86.4,0.7088
2026-06-04 10:25:03,403,85.0,LORA,-94.0,9.0,86.4,0.7488
2026-06-04 10:25:08,404,85.0,SWITCHING,-95.0,8.0,86.4,0.7288
2026-06-04 10:25:09,405,85.0,SWITCHING,-102.0,1.0,86.4,0.5888
2026-06-04 10:25:11,406,85.0,SWITCHING,-98.0,5.0,86.4,0.6688
2026-06-04 10:25:13,407,85.0,SWITCHING,-103.0,0.0,86.4,0.5688
2026-06-04 10:25:15,408,85.0,LORA,-93.0,10.0,91.5,0.7688
2026-06-04 10:25:17,409,981.0,SWITCHING,-100.0,3.0,91.5,0.6288
2026-06-04 10:25:19,410,981.0,LORA,-95.0,8.0,91.5,0.7288
2026-06-04 10:35:21,411,243.0,SWITCHING,-100.0,2.0,277.7,0.6163
2026-06-04 10:36:51,412,78.0,LORA,-92.0,12.0,149.8,0.778
2026-06-04 10:36:54,413,78.0,LORA,-88.0,16.0,149.8,0.818
2026-06-04 10:36:55,414,78.0,LORA,-90.0,14.0,149.8,0.798
2026-06-04 10:36:59,415,78.0,LORA,-80.0,20.0,149.8,0.898
2026-06-04 10:37:03,416,699.0,LORA,-82.0,20.0,132.0,0.8782
2026-06-04 10:37:06,417,699.0,LORA,-82.0,20.0,132.0,0.8782
2026-06-04 10:37:07,418,699.0,LORA,-82.0,20.0,132.0,0.8782
2026-06-04 10:37:09,419,699.0,LORA,-89.0,14.0,132.0,0.8082
2026-06-04 10:37:11,420,699.0,LORA,-88.0,15.0,132.0,0.8182
2026-06-04 10:37:13,421,699.0,LORA,-83.0,20.0,132.0,0.8682
2026-06-04 10:37:15,422,699.0,LORA,-87.0,16.0,132.0,0.8282
2026-06-04 10:37:17,423,699.0,LORA,-89.0,14.0,112.3,0.8085
2026-06-04 10:37:19,424,699.0,LORA,-88.0,15.0,112.3,0.8185
2026-06-04 10:37:22,425,699.0,SWITCHING,-97.0,6.0,112.3,0.6885
2026-06-04 10:37:24,426,699.0,SWITCHING,-97.0,6.0,112.3,0.6885
2026-06-04 10:37:27,427,699.0,SWITCHING,-99.0,4.0,112.3,0.6485
2026-06-04 10:37:27,428,699.0,LORA,-88.0,15.0,112.3,0.8185
2026-06-04 10:37:29,429,699.0,LORA,-90.0,13.0,112.3,0.7985
2026-06-04 10:37:33,430,921.0,LORA,-84.0,19.0,92.8,0.8588
2026-06-04 10:37:35,431,921.0,SWITCHING,-99.0,4.0,92.8,0.6488
2026-06-04 10:37:39,432,921.0,LORA,-96.0,7.0,92.8,0.7088
2026-06-04 10:37:42,433,921.0,SWITCHING,-95.0,8.0,92.8,0.7288
2026-06-04 10:37:43,434,921.0,SWITCHING,-97.0,6.0,92.8,0.6888
2026-06-04 10:37:45,435,921.0,LORA,-93.0,10.0,92.8,0.7688
2026-06-04 10:37:47,436,921.0,LORA,-88.0,20.0,69.5,0.8191
2026-06-04 10:37:49,437,921.0,LORA,-87.0,20.0,69.5,0.8291
2026-06-04 10:37:51,438,921.0,LORA,-85.0,20.0,69.5,0.8491
2026-06-04 10:37:53,439,921.0,LORA,-89.0,20.0,69.5,0.8091
2026-06-04 10:37:58,440,921.0,LORA,-90.0,20.0,69.5,0.7991
2026-06-04 10:37:59,441,921.0,SWITCHING,-96.0,20.0,69.5,0.7391
2026-06-04 10:38:03,442,921.0,LORA,-88.0,15.0,53.7,0.8193
2026-06-04 10:38:05,443,33.0,LORA,-87.0,16.0,53.7,0.8293
2026-06-04 10:38:07,444,33.0,LORA,-90.0,13.0,53.7,0.7993
2026-06-04 10:38:09,445,33.0,SWITCHING,-101.0,2.0,53.7,0.6093
2026-06-04 10:38:11,446,33.0,LORA,-85.0,18.0,53.7,0.8493
2026-06-04 10:38:14,447,33.0,LORA,-90.0,13.0,53.7,0.7993
2026-06-04 10:38:17,448,33.0,SWITCHING,-99.0,5.0,53.7,0.6593
2026-06-04 10:38:19,449,33.0,LORA,-91.0,13.0,49.1,0.7893
2026-06-04 10:38:22,450,33.0,LORA,-87.0,17.0,49.1,0.8293
2026-06-04 10:38:23,451,33.0,LORA,-83.0,20.0,49.1,0.8693
2026-06-04 10:38:25,452,33.0,LORA,-82.0,20.0,49.1,0.8793
2026-06-04 10:38:28,453,33.0,LORA,-87.0,17.0,49.1,0.8293
2026-06-04 10:38:30,454,33.0,LORA,-78.0,20.0,49.1,0.9193
2026-06-04 10:38:33,455,33.0,LORA,-82.0,20.0,49.1,0.8793
2026-06-04 10:38:35,456,33.0,LORA,-80.0,20.0,38.3,0.8995
2026-06-04 10:38:37,457,34.0,LORA,-88.0,16.0,38.3,0.8195
2026-06-04 10:38:39,458,34.0,LORA,-78.0,20.0,38.3,0.9195
2026-06-04 10:38:41,459,34.0,LORA,-86.0,18.0,38.3,0.8395
2026-06-04 10:38:44,460,34.0,LORA,-87.0,17.0,38.3,0.8295
2026-06-04 10:38:46,461,34.0,LORA,-74.0,20.0,38.3,0.9595
2026-06-04 10:38:49,462,34.0,LORA,-71.0,20.0,38.3,0.9895
2026-06-04 10:38:51,463,34.0,LORA,-82.0,12.0,23.7,0.8797
2026-06-04 10:38:54,464,34.0,LORA,-73.0,20.0,23.7,0.9697
2026-06-04 10:38:56,465,34.0,LORA,-76.0,18.0,23.7,0.9397
2026-06-04 10:38:57,466,34.0,LORA,-71.0,20.0,23.7,0.9897
2026-06-04 10:39:00,467,34.0,LORA,-78.0,16.0,23.7,0.9197
2026-06-04 10:39:04,468,34.0,LORA,-65.0,20.0,23.7,0.9997
2026-06-04 10:39:05,469,34.0,LORA,-80.0,20.0,23.7,0.8997
2026-06-04 10:39:08,470,13.0,LORA,-83.0,20.0,23.6,0.8697
2026-06-04 10:39:09,471,13.0,LORA,-69.0,20.0,23.6,0.9997
2026-06-04 10:39:13,472,13.0,LORA,-69.0,20.0,23.6,0.9997
2026-06-04 10:39:14,473,13.0,LORA,-76.0,20.0,23.6,0.9397
2026-06-04 10:39:19,474,13.0,LORA,-70.0,20.0,23.6,0.9997
2026-06-04 10:39:21,475,13.0,LORA,-68.0,20.0,23.6,0.9997
2026-06-04 10:39:24,476,13.0,LORA,-68.0,20.0,18.8,0.9997
2026-06-04 10:39:26,477,13.0,LORA,-69.0,20.0,18.8,0.9997
2026-06-04 10:39:30,478,13.0,LORA,-52.0,20.0,18.8,0.9997
2026-06-04 10:39:32,479,13.0,LORA,-51.0,20.0,18.8,0.9997
2026-06-04 10:39:34,480,13.0,LORA,-49.0,20.0,18.8,0.9997
2026-06-04 10:39:38,481,13.0,LORA,-43.0,20.0,18.8,0.9997
2026-06-04 10:39:40,482,20.0,LORA,-35.0,20.0,12.5,0.9998
2026-06-04 10:39:42,483,20.0,LORA,-29.0,20.0,12.5,0.9998
2026-06-04 10:39:44,484,20.0,LORA,-20.0,20.0,12.5,0.9998
2026-06-04 10:39:47,485,20.0,LORA,-20.0,20.0,12.5,0.9998
2026-06-04 10:39:50,486,20.0,LORA,-20.0,20.0,12.5,0.9998
2026-06-04 10:39:52,487,20.0,LORA,-20.0,20.0,12.5,0.9998
2026-06-04 10:39:54,488,20.0,LORA,-20.0,20.0,12.5,0.9998
2026-06-04 10:39:56,489,20.0,LORA,-20.0,20.0,10.0,0.9999
2026-06-04 10:39:58,490,20.0,LORA,-20.0,20.0,10.0,0.9999
2026-06-04 10:40:00,491,20.0,LORA,-20.0,20.0,10.0,0.9999
2026-06-04 10:40:02,492,20.0,LORA,-20.0,20.0,10.0,0.9999
2026-06-04 10:40:04,493,20.0,LORA,-20.0,20.0,10.0,0.9999
2026-06-04 10:40:06,494,20.0,LORA,-20.0,20.0,10.0,0.9999
2026-06-04 10:40:09,495,20.0,LORA,-20.0,20.0,10.0,0.9999
2026-06-04 10:40:10,496,20.0,LORA,-20.0,20.0,10.0,0.9999
2026-06-04 10:40:12,497,28.0,LORA,-20.0,20.0,13.1,0.9998
2026-06-04 10:40:16,498,28.0,LORA,-20.0,20.0,13.1,0.9998
2026-06-04 10:40:18,499,28.0,LORA,-20.0,20.0,13.1,0.9998
2026-06-04 10:40:20,500,28.0,LORA,-20.0,20.0,13.1,0.9998
2026-06-04 10:40:22,501,28.0,LORA,-20.0,20.0,13.1,0.9998
2026-06-04 10:40:24,502,28.0,LORA,-20.0,20.0,13.1,0.9998
2026-06-04 10:40:26,503,28.0,LORA,-20.0,20.0,13.1,0.9998
2026-06-04 10:40:28,504,28.0,LORA,-20.0,20.0,13.3,0.9998
2026-06-04 10:40:34,505,28.0,LORA,-20.0,20.0,13.3,0.9998
2026-06-04 10:40:34,506,28.0,LORA,-20.0,20.0,13.3,0.9998
2026-06-04 10:40:36,507,28.0,LORA,-20.0,20.0,13.3,0.9998
2026-06-04 10:40:38,508,28.0,LORA,-20.0,20.0,13.3,0.9998
2026-06-04 10:40:40,509,28.0,LORA,-20.0,20.0,13.3,0.9998
2026-06-04 10:40:42,510,28.0,LORA,-20.0,20.0,13.3,0.9998
2026-06-04 10:40:44,511,4.0,LORA,-20.0,20.0,15.1,0.9998
2026-06-04 10:40:46,512,4.0,LORA,-20.0,20.0,15.1,0.9998
2026-06-04 10:40:48,513,4.0,LORA,-20.0,20.0,15.1,0.9998
2026-06-04 10:40:50,514,4.0,LORA,-20.0,20.0,15.1,0.9998
2026-06-04 10:40:52,515,4.0,LORA,-20.0,20.0,15.1,0.9998
2026-06-04 10:40:54,516,4.0,LORA,-20.0,20.0,15.1,0.9998
2026-06-16 17:44:27,1,0.0,LORA,-37.0,20.0,5.9,0.9999
2026-06-16 17:44:29,2,0.0,LORA,-36.0,20.0,5.9,0.9999
2026-06-16 17:44:31,3,0.0,LORA,-38.0,20.0,7.2,0.9999
2026-06-16 17:44:33,4,0.0,LORA,-38.0,20.0,7.2,0.9999
2026-06-16 17:44:35,5,0.0,LORA,-35.0,20.0,7.2,0.9999
2026-06-16 17:44:37,6,0.0,LORA,-36.0,20.0,7.2,0.9999
2026-06-16 17:44:39,7,0.0,LORA,-36.0,20.0,7.2,0.9999
2026-06-16 17:44:41,8,0.0,LORA,-36.0,20.0,7.2,0.9999
2026-06-16 17:44:43,9,0.0,LORA,-36.0,20.0,7.2,0.9999
2026-06-16 17:44:45,10,0.0,LORA,-38.0,20.0,7.2,0.9999
2026-06-16 17:44:47,11,0.0,LORA,-36.0,20.0,8.7,0.9999
2026-06-16 17:44:49,12,0.0,LORA,-40.0,20.0,8.7,0.9999
2026-06-16 17:44:51,13,0.0,LORA,-44.0,20.0,8.7,0.9999
2026-06-16 17:48:15,1,0.0,LORA,-46.0,20.0,10.8,0.9999
2026-06-16 17:48:17,2,0.0,LORA,-47.0,20.0,10.8,0.9999
2026-06-16 17:48:19,3,0.0,LORA,-48.0,20.0,10.8,0.9999
2026-06-16 17:48:21,4,0.0,LORA,-49.0,20.0,13.6,0.9998
2026-06-16 17:48:23,5,0.0,LORA,-47.0,20.0,13.6,0.9998
2026-06-16 17:48:25,6,0.0,LORA,-48.0,20.0,13.6,0.9998
2026-06-16 17:48:27,7,0.0,LORA,-48.0,20.0,13.6,0.9998
2026-06-16 17:48:29,8,0.0,LORA,-49.0,20.0,13.6,0.9998
2026-06-16 17:48:31,9,0.0,LORA,-50.0,20.0,13.6,0.9998
2026-06-16 17:48:34,10,0.0,LORA,-49.0,20.0,13.6,0.9998
2026-06-16 17:48:37,11,0.0,LORA,-49.0,20.0,10.2,0.9999
2026-06-16 17:48:39,12,0.0,LORA,-50.0,20.0,10.2,0.9999
2026-06-16 17:48:43,13,0.0,LORA,-44.0,20.0,10.2,0.9999
2026-06-16 17:48:45,14,0.0,LORA,-47.0,20.0,10.2,0.9999
2026-06-16 17:48:47,15,0.0,LORA,-51.0,20.0,10.2,0.9999
2026-06-16 17:48:49,16,0.0,LORA,-55.0,20.0,10.2,0.9999
2026-06-16 17:48:51,17,0.0,LORA,-44.0,20.0,10.2,0.9999
2026-06-16 17:48:53,18,0.0,LORA,-46.0,20.0,8.7,0.9999
2026-06-16 17:48:55,19,0.0,LORA,-47.0,20.0,8.7,0.9999
2026-06-16 17:48:57,20,0.0,LORA,-43.0,20.0,8.7,0.9999
2026-06-16 17:48:59,21,0.0,LORA,-44.0,20.0,8.7,0.9999
2026-06-16 17:49:01,22,0.0,LORA,-51.0,20.0,8.7,0.9999
2026-06-16 17:49:03,23,0.0,LORA,-48.0,20.0,8.7,0.9999
2026-06-16 17:49:05,24,0.0,LORA,-47.0,20.0,8.7,0.9999
2026-06-16 17:49:07,25,0.0,LORA,-51.0,20.0,8.7,0.9999
2026-06-16 17:49:09,26,0.0,LORA,-48.0,20.0,5.1,0.9999
2026-06-16 17:49:11,27,0.0,LORA,-46.0,20.0,5.1,0.9999
2026-06-16 17:49:13,28,0.0,LORA,-44.0,20.0,5.1,0.9999
2026-06-16 17:49:15,29,0.0,LORA,-45.0,20.0,5.1,0.9999
2026-06-16 17:49:17,30,0.0,LORA,-54.0,20.0,5.1,0.9999
2026-06-16 17:49:19,31,0.0,LORA,-58.0,20.0,5.1,0.9999
2026-06-16 17:49:21,32,0.0,LORA,-61.0,20.0,5.1,0.9999
2026-06-16 17:49:23,33,0.0,LORA,-63.0,20.0,5.1,0.9999
2026-06-16 17:49:25,34,0.0,LORA,-66.0,20.0,4.6,0.9999
2026-06-16 17:49:27,35,0.0,LORA,-67.0,20.0,4.6,0.9999
2026-06-16 17:49:29,36,0.0,LORA,-64.0,20.0,4.6,0.9999
2026-06-16 17:49:31,37,0.0,LORA,-74.0,20.0,4.6,0.9599
2026-06-16 17:49:33,38,0.0,LORA,-73.0,20.0,4.6,0.9699
2026-06-16 17:49:35,39,0.0,LORA,-72.0,20.0,4.6,0.9799
2026-06-16 17:49:37,40,0.0,LORA,-71.0,20.0,4.6,0.9899
2026-06-16 17:49:39,41,0.0,LORA,-72.0,20.0,4.6,0.9799
2026-06-16 17:49:41,42,0.0,LORA,-74.0,20.0,19.0,0.9597
2026-06-16 17:49:43,43,0.0,LORA,-74.0,20.0,19.0,0.9597
2026-06-16 17:49:45,44,0.0,LORA,-69.0,20.0,19.0,0.9997
2026-06-16 17:49:47,45,0.0,LORA,-77.0,20.0,19.0,0.9297
2026-06-16 17:49:49,46,0.0,LORA,-76.0,20.0,19.0,0.9397
2026-06-16 17:49:51,47,0.0,LORA,-86.0,16.0,19.0,0.8397
2026-06-16 17:49:53,48,0.0,LORA,-73.0,20.0,19.0,0.9697
2026-06-16 17:49:56,49,0.0,LORA,-79.0,20.0,19.0,0.9097
2026-06-16 17:49:57,50,7.0,LORA,-77.0,20.0,34.8,0.9295
2026-06-16 17:50:00,51,7.0,LORA,-81.0,20.0,34.8,0.8895
2026-06-16 17:50:02,52,7.0,LORA,-84.0,18.0,34.8,0.8595
2026-06-16 17:50:05,53,7.0,LORA,-74.0,20.0,34.8,0.9595
2026-06-16 17:50:07,54,7.0,LORA,-81.0,20.0,34.8,0.8895
2026-06-16 17:50:10,55,7.0,LORA,-90.0,12.0,34.8,0.7995
2026-06-16 17:50:11,56,7.0,LORA,-80.0,20.0,34.8,0.8995
2026-06-16 17:50:15,57,7.0,LORA,-83.0,20.0,50.6,0.8693
2026-06-16 17:50:19,58,7.0,LORA,-83.0,20.0,50.6,0.8693
2026-06-16 17:50:23,59,7.0,LORA,-94.0,20.0,50.6,0.7593
2026-06-16 17:50:28,60,7.0,LORA,-86.0,20.0,50.6,0.8393
2026-06-16 17:50:31,61,0.0,SWITCHING,-96.0,20.0,69.3,0.7391
2026-06-16 17:50:35,62,0.0,LORA,-87.0,20.0,69.3,0.8291
2026-06-16 17:50:38,63,0.0,LORA,-93.0,20.0,69.3,0.7691
2026-06-16 17:50:40,64,0.0,LORA,-85.0,20.0,69.3,0.8491
2026-06-16 17:50:42,65,0.0,LORA,-88.0,20.0,69.3,0.8191
2026-06-16 17:50:44,66,0.0,LORA,-88.0,20.0,69.3,0.8191
2026-06-16 17:50:48,67,0.0,LORA,-89.0,20.0,85.5,0.8089
2026-06-16 17:50:50,68,0.0,LORA,-94.0,20.0,85.5,0.7589
2026-06-16 17:50:52,69,0.0,LORA,-91.0,20.0,85.5,0.7889
2026-06-16 17:50:54,70,0.0,SWITCHING,-96.0,20.0,85.5,0.7389
2026-06-16 17:50:58,71,0.0,LORA,-85.0,20.0,85.5,0.8489
2026-06-16 17:51:01,72,0.0,LORA,-89.0,20.0,85.5,0.8089
2026-06-16 17:51:04,73,0.0,LORA,-89.0,20.0,101.5,0.8086
2026-06-16 17:51:08,74,0.0,LORA,-85.0,20.0,101.5,0.8486
2026-06-16 17:51:10,75,0.0,LORA,-82.0,20.0,101.5,0.8786
2026-06-16 17:51:12,76,0.0,LORA,-85.0,20.0,101.5,0.8486
2026-06-16 17:51:14,77,0.0,LORA,-83.0,20.0,101.5,0.8686
2026-06-16 17:52:02,78,0.0,SWITCHING,-98.0,6.0,142.6,0.6781
2026-06-16 17:52:02,79,0.0,SWITCHING,-99.0,5.0,142.6,0.6581
2026-06-16 17:52:02,80,0.0,LORA,-84.0,20.0,114.2,0.8585
2026-06-16 17:52:02,81,0.0,LORA,-83.0,20.0,114.2,0.8685
2026-06-16 17:52:02,82,0.0,LORA,-82.0,20.0,126.7,0.8783
2026-06-16 17:52:02,83,0.0,LORA,-91.0,20.0,126.7,0.7883
2026-06-16 17:52:02,84,0.0,LORA,-92.0,12.0,142.6,0.7781
2026-06-16 17:52:02,85,0.0,LORA,-89.0,20.0,126.7,0.8083
2026-06-16 17:52:02,86,0.0,LORA,-91.0,13.0,126.7,0.7883
2026-06-16 17:52:02,87,0.0,LORA,-93.0,11.0,126.7,0.7683
2026-06-16 17:52:02,88,0.0,SWITCHING,-97.0,7.0,126.7,0.6983
2026-06-16 17:52:02,89,0.0,SWITCHING,-98.0,6.0,142.6,0.6781
2026-06-16 17:52:02,90,0.0,SWITCHING,-101.0,3.0,142.6,0.6181
2026-06-16 17:52:02,91,0.0,SWITCHING,-103.0,1.0,142.6,0.5781
2026-06-16 17:52:02,92,0.0,LORA,-91.0,13.0,126.7,0.7883
2026-06-16 17:52:08,93,0.0,LORA,-94.0,10.0,161.1,0.7579
2026-06-16 17:52:11,94,0.0,SWITCHING,-99.0,5.0,161.1,0.6579
2026-06-16 17:52:12,95,0.0,SWITCHING,-97.0,7.0,161.1,0.6979
2026-06-16 17:52:14,96,0.0,LORA,-92.0,12.0,161.1,0.7779
2026-06-16 17:52:18,97,0.0,LORA,-92.0,12.0,161.1,0.7779
2026-06-16 17:52:20,98,0.0,LORA,-86.0,18.0,161.1,0.8379
2026-06-16 17:52:22,99,0.0,LORA,-89.0,15.0,176.9,0.8076
2026-06-16 17:52:24,100,0.0,SWITCHING,-104.0,0.0,176.9,0.5576
2026-06-16 17:52:28,101,0.0,SWITCHING,-103.0,1.0,176.9,0.5776
2026-06-16 17:52:30,102,0.0,LORA,-92.0,12.0,176.9,0.7776
2026-06-16 17:52:32,103,0.0,LORA,-92.0,12.0,176.9,0.7776
2026-06-16 17:52:35,104,0.0,SWITCHING,-97.0,7.0,176.9,0.6976
2026-06-16 17:52:38,105,0.0,LORA,-92.0,12.0,177.0,0.7776
2026-06-16 17:52:41,106,0.0,SWITCHING,-103.0,1.0,177.0,0.5776
2026-06-16 17:52:42,107,0.0,LORA,-90.0,14.0,177.0,0.7976
2026-06-16 17:52:44,108,0.0,SWITCHING,-102.0,2.0,177.0,0.5976
2026-06-16 17:52:48,109,0.0,LORA,-96.0,8.0,177.0,0.7176
2026-06-16 17:52:50,110,0.0,SWITCHING,-102.0,2.0,177.0,0.5976
2026-06-16 17:52:52,111,0.0,SWITCHING,-104.0,0.0,177.0,0.5576
2026-06-16 17:52:58,112,0.0,SWITCHING,-98.0,6.0,178.8,0.6776
2026-06-16 17:53:00,113,0.0,SWITCHING,-99.0,5.0,178.8,0.6576
2026-06-16 17:53:03,114,0.0,LORA,-93.0,11.0,178.8,0.7676
2026-06-16 17:53:08,115,0.0,SWITCHING,-100.0,4.0,178.8,0.6376
2026-06-16 17:53:11,116,0.0,SWITCHING,-100.0,4.0,183.9,0.6375
2026-06-16 17:53:12,117,0.0,SWITCHING,-103.0,1.0,183.9,0.5775
2026-06-16 17:53:14,118,0.0,SWITCHING,-100.0,4.0,183.9,0.6375
2026-06-16 17:53:18,119,0.0,SWITCHING,-104.0,0.0,183.9,0.5575
2026-06-16 17:53:20,120,0.0,SWITCHING,-102.0,2.0,183.9,0.5975
2026-06-16 17:53:22,121,0.0,SWITCHING,-97.0,7.0,183.9,0.6975
2026-06-16 17:53:29,122,0.0,SWITCHING,-99.0,5.0,189.0,0.6575
2026-06-16 17:53:30,123,0.0,SWITCHING,-100.0,4.0,189.0,0.6375
2026-06-16 17:53:35,124,0.0,SWITCHING,-97.0,7.0,189.0,0.6975
2026-06-16 17:53:38,125,0.0,SWITCHING,-102.0,2.0,189.0,0.5975
2026-06-16 17:53:40,126,0.0,SWITCHING,-98.0,6.0,189.0,0.6775
2026-06-16 17:53:43,127,0.0,SWITCHING,-97.0,7.0,195.5,0.6974
2026-06-16 17:53:49,128,0.0,SWITCHING,-101.0,3.0,195.5,0.6174
2026-06-16 17:53:50,129,0.0,SWITCHING,-102.0,2.0,195.5,0.5974
2026-06-16 17:53:52,130,0.0,SWITCHING,-100.0,4.0,195.5,0.6374
2026-06-16 17:53:55,131,0.0,SWITCHING,-99.0,5.0,195.5,0.6574
2026-06-16 17:53:59,132,0.0,LORA,-96.0,8.0,196.5,0.7174
2026-06-16 17:54:01,133,0.0,LORA,-91.0,13.0,196.5,0.7874
2026-06-16 17:54:04,134,0.0,LORA,-91.0,13.0,196.5,0.7874
2026-06-16 17:54:09,135,0.0,LORA,-94.0,10.0,196.5,0.7574
2026-06-16 17:54:10,136,0.0,SWITCHING,-100.0,4.0,196.5,0.6374
2026-06-16 17:54:13,137,0.0,LORA,-93.0,11.0,196.5,0.7674
2026-06-16 17:54:20,138,0.0,SWITCHING,-95.0,9.0,184.2,0.7375
2026-06-16 17:54:20,139,0.0,SWITCHING,-98.0,6.0,184.2,0.6775
2026-06-16 17:54:22,140,0.0,SWITCHING,-99.0,5.0,184.2,0.6575
2026-06-16 17:54:25,141,0.0,SWITCHING,-101.0,3.0,184.2,0.6175
2026-06-16 17:54:28,142,0.0,LORA,-94.0,10.0,184.2,0.7575
2026-06-16 17:54:31,143,0.0,SWITCHING,-100.0,4.0,180.0,0.6376
2026-06-16 17:54:34,144,0.0,SWITCHING,-97.0,7.0,180.0,0.6976
2026-06-16 17:54:38,145,0.0,LORA,-93.0,11.0,180.0,0.7676
2026-06-16 17:54:43,146,0.0,SWITCHING,-102.0,3.0,180.0,0.6076
2026-06-16 17:54:45,147,0.0,SWITCHING,-102.0,3.0,180.0,0.6076
2026-06-16 17:54:48,148,0.0,LORA,-97.0,8.0,176.8,0.7076
2026-06-16 17:54:50,149,0.0,SWITCHING,-98.0,7.0,176.8,0.6876
2026-06-16 17:54:52,150,0.0,SWITCHING,-102.0,3.0,176.8,0.6076
2026-06-16 17:54:55,151,0.0,LORA,-97.0,8.0,176.8,0.7076
2026-06-16 17:54:59,152,0.0,SWITCHING,-98.0,7.0,176.8,0.6876
2026-06-16 17:55:00,153,0.0,SWITCHING,-101.0,4.0,176.8,0.6276
2026-06-16 17:55:03,154,0.0,LORA,-97.0,8.0,173.3,0.7077
2026-06-16 17:55:08,155,0.0,SWITCHING,-95.0,10.0,173.3,0.7477
2026-06-16 17:55:09,156,0.0,LORA,-94.0,11.0,173.3,0.7577
2026-06-16 17:55:09,157,0.0,SWITCHING,-95.0,10.0,173.3,0.7477
2026-06-16 17:55:11,158,0.0,LORA,-96.0,9.0,173.3,0.7277
2026-06-16 17:55:13,159,0.0,SWITCHING,-97.0,8.0,173.3,0.7077
2026-06-16 17:55:15,160,0.0,LORA,-96.0,9.0,173.3,0.7277
2026-06-16 17:55:19,161,0.0,SWITCHING,-95.0,10.0,171.9,0.7477
2026-06-16 17:55:20,162,0.0,LORA,-96.0,9.0,171.9,0.7277
2026-06-16 17:55:22,163,0.0,SWITCHING,-102.0,3.0,171.9,0.6077
2026-06-16 17:55:24,164,0.0,SWITCHING,-100.0,5.0,171.9,0.6477
2026-06-16 17:55:29,165,0.0,LORA,-89.0,16.0,171.9,0.8077
2026-06-16 17:55:30,166,0.0,LORA,-93.0,12.0,171.9,0.7677
2026-06-16 17:55:32,167,0.0,SWITCHING,-96.0,9.0,171.9,0.7277
2026-06-16 17:55:39,168,0.0,LORA,-88.0,17.0,170.8,0.8177
2026-06-16 17:55:42,169,0.0,LORA,-87.0,18.0,170.8,0.8277
2026-06-16 17:55:44,170,0.0,LORA,-88.0,17.0,170.8,0.8177
2026-06-16 17:55:48,171,0.0,LORA,-89.0,16.0,170.8,0.8077
2026-06-16 17:55:50,172,0.0,LORA,-83.0,20.0,158.4,0.8679
2026-06-16 17:55:53,173,0.0,LORA,-81.0,20.0,158.4,0.8879
2026-06-16 17:55:55,174,0.0,LORA,-83.0,20.0,158.4,0.8679
2026-06-16 17:55:59,175,0.0,LORA,-82.0,20.0,158.4,0.8779
2026-06-16 17:56:01,176,0.0,LORA,-84.0,20.0,158.4,0.8579
2026-06-16 17:56:03,177,0.0,LORA,-83.0,20.0,158.4,0.8679
2026-06-16 17:56:09,178,0.0,LORA,-84.0,20.0,140.7,0.8581
2026-06-16 17:56:15,179,0.0,LORA,-81.0,20.0,140.7,0.8881
2026-06-16 17:56:15,180,0.0,LORA,-81.0,20.0,140.7,0.8881
2026-06-16 17:56:17,181,0.0,SWITCHING,-102.0,1.0,140.7,0.5881
2026-06-16 17:56:20,182,0.0,LORA,-82.0,20.0,140.7,0.8781
2026-06-16 17:56:23,183,0.0,LORA,-83.0,20.0,123.0,0.8684
2026-06-16 17:56:25,184,0.0,LORA,-82.0,20.0,123.0,0.8784
2026-06-16 17:56:28,185,0.0,LORA,-85.0,18.0,123.0,0.8484
2026-06-16 17:56:31,186,0.0,LORA,-85.0,18.0,123.0,0.8484
2026-06-16 17:56:33,187,0.0,LORA,-79.0,20.0,123.0,0.9084
2026-06-16 17:56:35,188,0.0,LORA,-78.0,20.0,123.0,0.9184
2026-06-16 17:56:37,189,0.0,LORA,-80.0,20.0,123.0,0.8984
2026-06-16 17:56:39,190,0.0,LORA,-86.0,17.0,102.7,0.8386
2026-06-16 17:56:41,191,0.0,LORA,-83.0,20.0,102.7,0.8686
2026-06-16 17:56:43,192,0.0,LORA,-90.0,14.0,102.7,0.7986
2026-06-16 17:56:45,193,0.0,LORA,-83.0,20.0,102.7,0.8686
2026-06-16 17:56:48,194,0.0,LORA,-86.0,18.0,102.7,0.8386
2026-06-16 17:56:49,195,0.0,LORA,-86.0,18.0,102.7,0.8386
2026-06-16 17:56:49,196,0.0,SWITCHING,-97.0,7.0,102.7,0.6986
2026-06-16 17:56:53,197,0.0,LORA,-83.0,20.0,102.7,0.8686
2026-06-16 17:56:55,198,0.0,LORA,-82.0,20.0,81.7,0.8789
2026-06-16 17:56:57,199,0.0,LORA,-81.0,20.0,81.7,0.8889
2026-06-16 17:57:01,200,0.0,LORA,-79.0,20.0,81.7,0.9089
2026-06-16 17:57:03,201,0.0,LORA,-77.0,20.0,81.7,0.9289
2026-06-16 17:57:05,202,0.0,LORA,-77.0,20.0,81.7,0.9289
2026-06-16 17:57:09,203,0.0,LORA,-79.0,20.0,61.5,0.9092
2026-06-16 17:57:13,204,0.0,LORA,-84.0,19.0,61.5,0.8592
2026-06-16 17:57:17,205,0.0,LORA,-78.0,20.0,61.5,0.9192
2026-06-16 17:57:19,206,0.0,LORA,-74.0,20.0,61.5,0.9592
2026-06-16 17:57:22,207,0.0,LORA,-73.0,20.0,61.5,0.9692
2026-06-16 17:58:03,208,0.0,LORA,-43.0,20.0,4.0,0.9999
2026-06-16 17:58:04,209,0.0,LORA,-72.0,20.0,40.5,0.9795
2026-06-16 17:58:05,210,0.0,LORA,-69.0,20.0,40.5,0.9995
2026-06-16 17:58:05,211,0.0,SWITCHING,-102.0,1.0,20.3,0.5897
2026-06-16 17:58:05,212,0.0,LORA,-75.0,20.0,20.3,0.9497
2026-06-16 17:58:05,213,0.0,LORA,-67.0,20.0,20.3,0.9997
2026-06-16 17:58:05,214,0.0,LORA,-63.0,20.0,20.3,0.9997
2026-06-16 17:58:05,215,0.0,LORA,-59.0,20.0,20.3,0.9997
2026-06-16 17:58:05,216,0.0,LORA,-58.0,20.0,20.3,0.9997
2026-06-16 17:58:05,217,0.0,LORA,-61.0,20.0,20.3,0.9997
2026-06-16 17:58:05,218,0.0,LORA,-63.0,20.0,20.3,0.9997
2026-06-16 17:58:05,219,0.0,LORA,-47.0,20.0,4.0,0.9999
2026-06-16 17:58:05,220,0.0,LORA,-68.0,20.0,4.0,0.9999
2026-06-16 17:58:05,221,0.0,LORA,-54.0,20.0,4.0,0.9999
2026-06-16 17:58:05,222,0.0,LORA,-47.0,20.0,4.0,0.9999
2026-06-16 17:58:06,223,0.0,LORA,-54.0,20.0,4.0,0.9999
2026-06-16 17:58:09,224,0.0,LORA,-45.0,20.0,4.0,0.9999
2026-06-16 17:58:12,225,0.0,SWITCHING,-103.0,0.0,4.0,0.5699
2026-06-16 17:58:13,226,0.0,LORA,-45.0,20.0,6.5,0.9999
2026-06-16 17:58:15,227,0.0,LORA,-44.0,20.0,6.5,0.9999
2026-06-16 17:58:17,228,0.0,LORA,-43.0,20.0,6.5,0.9999
2026-06-16 17:58:20,229,0.0,LORA,-49.0,20.0,6.5,0.9999
2026-06-16 17:58:21,230,0.0,LORA,-45.0,20.0,6.5,0.9999
2026-06-16 17:58:26,231,0.0,LORA,-47.0,20.0,6.5,0.9999
2026-06-16 17:58:29,232,0.0,LORA,-44.0,20.0,5.8,0.9999
2026-06-16 17:58:31,233,0.0,LORA,-47.0,20.0,5.8,0.9999
2026-06-16 17:58:33,234,0.0,LORA,-47.0,20.0,5.8,0.9999
2026-06-16 17:58:35,235,0.0,LORA,-48.0,20.0,5.8,0.9999
2026-06-16 17:58:38,236,0.0,LORA,-47.0,20.0,5.8,0.9999
2026-06-24 12:15:13,1,98.0,LORA,-39.0,20.0,32.9,0.9996
2026-06-24 12:15:15,2,80.0,LORA,-38.0,20.0,34.2,0.9995
2026-06-24 12:15:19,3,80.0,LORA,-39.0,20.0,34.2,0.9995
2026-06-24 12:15:21,4,80.0,LORA,-39.0,20.0,34.2,0.9995
2026-06-24 12:15:23,5,80.0,LORA,-37.0,20.0,34.2,0.9995
2026-06-24 12:15:25,6,80.0,LORA,-39.0,20.0,34.2,0.9995
2026-06-24 12:15:29,7,80.0,LORA,-47.0,20.0,34.2,0.9995
2026-06-24 12:15:31,8,80.0,LORA,-40.0,20.0,33.3,0.9996
2026-06-24 12:15:33,9,80.0,LORA,-42.0,20.0,33.3,0.9996
2026-06-24 12:15:35,10,80.0,LORA,-39.0,20.0,33.3,0.9996
2026-06-24 12:20:10,1,95.0,LORA,-20.0,20.0,37.9,0.9995
2026-06-24 12:20:11,2,95.0,LORA,-21.0,20.0,46.4,0.9994
2026-06-24 12:20:11,3,95.0,LORA,-30.0,20.0,46.4,0.9994
2026-06-24 12:20:11,4,95.0,LORA,-20.0,20.0,46.4,0.9994
2026-06-24 12:20:11,5,95.0,LORA,-20.0,20.0,46.4,0.9994
2026-06-24 12:20:14,6,95.0,LORA,-20.0,20.0,37.9,0.9995
2026-06-24 12:20:16,7,95.0,LORA,-20.0,20.0,37.9,0.9995
2026-06-24 12:20:18,8,95.0,LORA,-20.0,20.0,37.9,0.9995
2026-06-24 12:20:20,9,95.0,LORA,-20.0,20.0,37.9,0.9995
2026-06-24 12:20:22,10,95.0,LORA,-20.0,20.0,37.9,0.9995
2026-06-24 12:20:24,11,95.0,LORA,-20.0,20.0,37.9,0.9995
2026-06-24 12:20:26,12,91.0,LORA,-20.0,20.0,38.1,0.9995
2026-06-24 12:20:28,13,91.0,LORA,-20.0,20.0,38.1,0.9995
2026-06-24 12:20:32,14,91.0,LORA,-20.0,20.0,38.1,0.9995
2026-06-24 12:20:34,15,91.0,LORA,-20.0,20.0,38.1,0.9995
2026-06-24 12:20:36,16,91.0,LORA,-20.0,20.0,38.1,0.9995
2026-06-24 12:20:54,17,49.0,LORA,-21.0,20.0,36.3,0.9995
2026-06-24 12:20:55,18,49.0,LORA,-21.0,20.0,36.3,0.9995
2026-06-24 12:20:55,19,49.0,LORA,-20.0,20.0,36.3,0.9995
2026-06-24 12:20:55,20,49.0,LORA,-20.0,20.0,36.3,0.9995
2026-06-24 12:20:56,21,49.0,LORA,-20.0,20.0,36.3,0.9995
2026-06-24 12:20:56,22,49.0,LORA,-20.0,20.0,36.3,0.9995
2026-06-24 12:20:56,23,49.0,LORA,-20.0,20.0,36.3,0.9995
2026-06-24 12:20:56,24,49.0,LORA,-20.0,20.0,36.3,0.9995
2026-06-24 12:20:56,25,49.0,LORA,-20.0,20.0,36.3,0.9995
2026-06-24 12:20:58,26,49.0,LORA,-22.0,20.0,34.9,0.9995
2026-06-24 12:21:01,27,49.0,LORA,-23.0,20.0,34.9,0.9995
2026-06-24 12:21:03,28,49.0,LORA,-21.0,20.0,34.9,0.9995
2026-06-24 12:21:05,29,49.0,LORA,-22.0,20.0,34.9,0.9995
2026-06-24 12:21:07,30,49.0,LORA,-20.0,20.0,34.9,0.9995
2026-06-24 12:21:11,31,49.0,LORA,-25.0,20.0,34.9,0.9995
2026-06-24 12:21:13,32,42.0,LORA,-24.0,20.0,36.4,0.9995
2026-06-24 12:21:15,33,42.0,LORA,-23.0,20.0,36.4,0.9995
2026-06-24 12:21:19,34,42.0,LORA,-25.0,20.0,36.4,0.9995
2026-06-24 12:21:21,35,42.0,LORA,-20.0,20.0,36.4,0.9995
2026-06-24 12:21:23,36,42.0,LORA,-20.0,20.0,36.4,0.9995
2026-06-24 12:21:25,37,42.0,LORA,-20.0,20.0,36.4,0.9995
2026-06-24 12:21:27,38,42.0,LORA,-20.0,20.0,36.4,0.9995
2026-06-24 12:21:29,39,42.0,LORA,-20.0,20.0,37.9,0.9995
2026-06-24 12:21:33,40,42.0,LORA,-20.0,20.0,37.9,0.9995
2026-06-24 12:22:15,41,56.0,LORA,-20.0,20.0,39.4,0.9995
2026-06-24 12:22:17,42,56.0,LORA,-20.0,20.0,39.4,0.9995
2026-06-24 12:22:19,43,56.0,LORA,-20.0,20.0,39.4,0.9995
2026-06-24 12:22:21,44,56.0,LORA,-20.0,20.0,39.4,0.9995
2026-06-24 12:22:23,45,56.0,LORA,-20.0,20.0,39.4,0.9995
2026-06-24 12:22:25,46,56.0,LORA,-20.0,20.0,39.4,0.9995
2026-06-24 12:22:27,47,56.0,LORA,-20.0,20.0,39.4,0.9995
2026-06-24 12:22:29,48,56.0,LORA,-20.0,20.0,39.4,0.9995
2026-06-24 12:22:31,49,56.0,LORA,-20.0,20.0,39.5,0.9995
2026-06-24 12:22:35,50,58.0,LORA,-20.0,20.0,39.5,0.9995
2026-06-24 12:22:39,51,58.0,LORA,-32.0,20.0,39.5,0.9995
2026-06-24 12:22:43,52,58.0,LORA,-33.0,20.0,39.5,0.9995
2026-06-24 12:22:45,53,58.0,LORA,-33.0,20.0,39.5,0.9995
2026-06-24 12:22:47,54,58.0,LORA,-50.0,20.0,39.6,0.9995
2026-06-24 12:22:51,55,58.0,LORA,-30.0,20.0,39.6,0.9995
2026-06-24 12:22:53,56,58.0,LORA,-24.0,20.0,39.6,0.9995
2026-06-24 12:22:55,57,58.0,LORA,-26.0,20.0,39.6,0.9995
2026-06-24 12:22:58,58,58.0,LORA,-25.0,20.0,39.6,0.9995
2026-06-24 12:23:02,59,58.0,LORA,-23.0,20.0,39.6,0.9995
2026-06-24 12:23:03,60,91.0,LORA,-22.0,20.0,39.6,0.9995
2026-06-24 12:23:05,61,91.0,LORA,-29.0,20.0,39.6,0.9995
2026-06-24 12:23:08,62,91.0,LORA,-20.0,20.0,39.6,0.9995
2026-06-24 12:23:12,63,91.0,LORA,-21.0,20.0,39.6,0.9995
2026-06-24 12:23:16,64,91.0,LORA,-26.0,20.0,39.6,0.9995
2026-06-24 12:23:18,65,91.0,LORA,-25.0,20.0,39.6,0.9995
2026-06-24 12:23:22,66,91.0,LORA,-25.0,20.0,41.1,0.9995
2026-06-24 12:23:25,67,91.0,LORA,-26.0,20.0,41.1,0.9995
2026-06-24 12:23:28,68,91.0,LORA,-27.0,20.0,41.1,0.9995
2026-06-24 12:23:32,69,91.0,LORA,-26.0,20.0,41.1,0.9995
2026-06-24 12:23:36,70,93.0,LORA,-34.0,20.0,40.2,0.9995
2026-06-24 12:23:38,71,93.0,LORA,-27.0,20.0,40.2,0.9995
2026-06-24 12:23:41,72,93.0,LORA,-27.0,20.0,40.2,0.9995
2026-06-24 12:23:44,73,93.0,LORA,-26.0,20.0,40.2,0.9995
2026-06-24 12:23:46,74,93.0,LORA,-26.0,20.0,40.2,0.9995
2026-06-24 12:23:48,75,93.0,LORA,-26.0,20.0,40.2,0.9995
2026-06-24 12:23:50,76,93.0,LORA,-29.0,20.0,40.2,0.9995
2026-06-24 12:23:52,77,93.0,LORA,-24.0,20.0,40.3,0.9995
2026-06-24 12:23:55,78,93.0,SWITCHING,-103.0,2.0,40.3,0.5895
2026-06-24 12:23:56,79,93.0,LORA,-24.0,20.0,40.3,0.9995
2026-06-24 12:23:58,80,93.0,LORA,-24.0,20.0,40.3,0.9995
2026-06-24 12:24:00,81,93.0,LORA,-25.0,20.0,40.3,0.9995
2026-06-24 12:24:02,82,93.0,LORA,-24.0,20.0,40.3,0.9995
2026-06-24 12:24:04,83,93.0,LORA,-25.0,20.0,40.3,0.9995
2026-06-24 12:24:08,84,87.0,LORA,-25.0,20.0,40.1,0.9995
2026-06-24 12:24:10,85,87.0,LORA,-27.0,20.0,40.1,0.9995
2026-06-24 12:24:14,86,87.0,LORA,-25.0,20.0,40.1,0.9995
2026-06-24 12:24:16,87,87.0,LORA,-27.0,20.0,40.1,0.9995
2026-06-24 12:24:23,88,87.0,LORA,-25.0,20.0,40.1,0.9995
2026-06-24 12:24:23,89,87.0,LORA,-25.0,20.0,40.1,0.9995
2026-06-24 12:24:23,90,87.0,LORA,-26.0,20.0,40.1,0.9995
2026-06-24 12:24:23,91,87.0,LORA,-25.0,20.0,40.1,0.9995
2026-06-24 12:24:23,92,87.0,LORA,-25.0,20.0,40.1,0.9995
2026-06-24 12:24:23,93,87.0,LORA,-25.0,20.0,40.1,0.9995
2026-06-24 12:24:23,94,87.0,LORA,-25.0,20.0,40.1,0.9995
2026-06-24 12:24:26,95,87.0,LORA,-24.0,20.0,39.8,0.9995
2026-06-24 12:24:28,96,87.0,LORA,-26.0,20.0,39.8,0.9995
2026-06-24 12:24:30,97,87.0,LORA,-26.0,20.0,39.8,0.9995
2026-06-24 12:24:32,98,87.0,LORA,-25.0,20.0,39.8,0.9995
2026-06-24 12:24:34,99,87.0,LORA,-28.0,20.0,39.8,0.9995
2026-06-24 12:24:36,100,87.0,LORA,-20.0,20.0,39.8,0.9995
2026-06-24 12:24:38,101,87.0,LORA,-20.0,20.0,40.1,0.9995
2026-06-24 12:24:40,102,236.0,LORA,-20.0,20.0,40.1,0.9995
2026-06-24 12:24:43,103,236.0,LORA,-20.0,20.0,40.1,0.9995
2026-06-24 12:24:46,104,236.0,LORA,-20.0,20.0,40.1,0.9995
2026-06-24 12:24:46,105,236.0,LORA,-20.0,20.0,40.1,0.9995
2026-06-24 12:24:51,106,236.0,LORA,-20.0,20.0,40.1,0.9995
2026-06-24 12:24:53,107,236.0,LORA,-21.0,20.0,40.1,0.9995
2026-06-24 12:24:55,108,236.0,LORA,-20.0,20.0,41.0,0.9995
2026-06-24 12:24:57,109,236.0,LORA,-27.0,20.0,41.0,0.9995
2026-06-24 12:24:59,110,236.0,LORA,-32.0,20.0,41.0,0.9995
2026-06-24 12:25:03,111,236.0,LORA,-34.0,20.0,41.0,0.9995
2026-06-24 12:25:05,112,236.0,LORA,-31.0,20.0,41.0,0.9995
2026-06-24 12:25:09,113,236.0,LORA,-32.0,20.0,41.0,0.9995
2026-06-24 12:25:11,114,236.0,LORA,-40.0,20.0,40.4,0.9995
2026-06-24 12:25:13,115,231.0,LORA,-35.0,20.0,40.4,0.9995
2026-06-24 12:25:17,116,231.0,LORA,-27.0,20.0,40.4,0.9995
2026-06-24 12:25:20,117,231.0,LORA,-35.0,20.0,40.4,0.9995
2026-06-24 12:25:23,118,231.0,LORA,-56.0,20.0,40.4,0.9995
2026-06-24 12:25:26,119,231.0,LORA,-46.0,20.0,40.4,0.9995
2026-06-24 12:25:27,120,231.0,LORA,-42.0,20.0,41.1,0.9995
2026-06-24 12:25:29,121,231.0,LORA,-49.0,20.0,41.1,0.9995
2026-06-24 12:25:31,122,231.0,LORA,-40.0,20.0,41.1,0.9995
2026-06-24 12:25:35,123,231.0,LORA,-41.0,20.0,41.1,0.9995
2026-06-24 12:25:37,124,231.0,LORA,-42.0,20.0,41.1,0.9995
2026-06-24 12:25:41,125,231.0,LORA,-50.0,20.0,41.1,0.9995
2026-06-24 12:25:48,126,231.0,LORA,-37.0,20.0,41.1,0.9995
2026-06-24 12:25:48,127,231.0,LORA,-37.0,20.0,41.1,0.9995
2026-06-24 12:25:48,128,231.0,LORA,-38.0,20.0,40.7,0.9995
2026-06-24 12:25:48,129,231.0,LORA,-37.0,20.0,41.1,0.9995
2026-06-24 12:25:48,130,231.0,LORA,-37.0,20.0,41.1,0.9995
2026-06-24 12:25:48,131,248.0,LORA,-36.0,20.0,40.7,0.9995
2026-06-24 12:25:48,132,231.0,LORA,-37.0,20.0,41.1,0.9995
2026-06-24 12:25:48,133,231.0,LORA,-37.0,20.0,41.1,0.9995
2026-06-24 12:25:48,134,248.0,LORA,-37.0,20.0,40.7,0.9995
2026-06-24 12:25:48,135,231.0,LORA,-37.0,20.0,41.1,0.9995
2026-06-24 12:25:48,136,248.0,LORA,-37.0,20.0,40.7,0.9995
2026-06-24 12:25:51,137,248.0,LORA,-34.0,20.0,40.7,0.9995
2026-06-24 12:25:54,138,248.0,LORA,-46.0,20.0,40.7,0.9995
2026-06-24 12:25:55,139,248.0,LORA,-54.0,20.0,40.7,0.9995
2026-06-24 12:25:58,140,248.0,LORA,-72.0,20.0,40.7,0.9795
2026-06-24 12:25:59,141,248.0,LORA,-60.0,20.0,56.8,0.9992
2026-06-24 12:26:03,142,248.0,LORA,-77.0,20.0,56.8,0.9292
2026-06-24 12:26:04,143,248.0,LORA,-75.0,20.0,56.8,0.9492
2026-06-24 12:26:08,144,248.0,LORA,-73.0,20.0,56.8,0.9692
2026-06-24 12:26:09,145,248.0,LORA,-76.0,20.0,56.8,0.9392
2026-06-24 12:26:11,146,248.0,LORA,-74.0,20.0,56.8,0.9592
2026-06-24 12:26:13,147,248.0,LORA,-85.0,19.0,56.8,0.8492
2026-06-24 12:26:17,148,184.0,LORA,-83.0,20.0,164.9,0.8678
2026-06-24 12:26:19,149,184.0,LORA,-89.0,15.0,164.9,0.8078
2026-06-24 12:26:21,150,184.0,SWITCHING,-95.0,9.0,164.9,0.7378
2026-06-24 12:26:23,151,184.0,LORA,-90.0,14.0,164.9,0.7978
2026-06-24 12:26:25,152,184.0,LORA,-94.0,20.0,164.9,0.7578
2026-06-24 12:26:27,153,184.0,LORA,-91.0,20.0,164.9,0.7878
2026-06-24 12:26:31,154,184.0,SWITCHING,-101.0,20.0,294.1,0.6861
2026-06-24 12:26:33,155,184.0,LORA,-98.0,20.0,294.1,0.7161
2026-06-24 12:26:35,156,184.0,SWITCHING,-101.0,20.0,294.1,0.6861
2026-06-24 12:26:41,157,184.0,LORA,-95.0,20.0,294.1,0.7461
2026-06-24 12:26:43,158,184.0,SWITCHING,-99.0,20.0,294.1,0.7061
2026-06-24 12:26:45,159,184.0,LORA,-98.0,20.0,294.1,0.7161
2026-06-24 12:26:47,160,355.0,SWITCHING,-101.0,20.0,434.6,0.6842
2026-06-24 12:26:51,161,355.0,SWITCHING,-100.0,20.0,434.6,0.6942
2026-06-24 12:26:53,162,355.0,SWITCHING,-100.0,20.0,434.6,0.6942
2026-06-24 12:26:55,163,355.0,SWITCHING,-101.0,-19.0,434.6,0.3942
2026-06-24 12:26:57,164,355.0,SWITCHING,-102.0,-20.0,434.6,0.3742
2026-06-24 12:27:02,165,355.0,SWITCHING,-103.0,-20.0,434.6,0.3642
2026-06-24 12:27:04,166,355.0,SWITCHING,-101.0,-19.0,540.8,0.3928
2026-06-24 12:27:06,167,355.0,SWITCHING,-102.0,-20.0,540.8,0.3728
2026-06-24 12:27:08,168,355.0,SWITCHING,-102.0,-20.0,540.8,0.3728
2026-06-24 12:27:12,169,355.0,SWITCHING,-103.0,-20.0,540.8,0.3628
2026-06-24 12:27:14,170,355.0,SWITCHING,-100.0,-18.0,540.8,0.4128
2026-06-24 12:27:16,171,355.0,SWITCHING,-103.0,-20.0,540.8,0.3628
2026-06-24 12:27:20,172,579.0,SWITCHING,-104.0,-20.0,661.8,0.3512
2026-06-24 12:27:22,173,579.0,SWITCHING,-102.0,-20.0,661.8,0.3712
2026-06-24 12:27:24,174,579.0,SWITCHING,-102.0,-20.0,661.8,0.3712
2026-06-24 12:27:27,175,579.0,SWITCHING,-102.0,2.0,661.8,0.5912
2026-06-24 12:27:30,176,579.0,SWITCHING,-102.0,2.0,661.8,0.5912
2026-06-24 12:27:32,177,57.0,SWITCHING,-103.0,1.0,661.8,0.5712
2026-06-24 12:27:34,178,579.0,SWITCHING,-104.0,0.0,661.8,0.5512
2026-06-24 12:27:36,179,579.0,SWITCHING,-103.0,1.0,823.1,0.569
2026-06-24 12:27:38,180,579.0,SWITCHING,-99.0,5.0,823.1,0.649
2026-06-24 12:27:42,181,579.0,SWITCHING,-103.0,1.0,823.1,0.569
2026-06-24 12:28:06,182,290.0,SWITCHING,-103.0,0.0,995.0,0.5567
2026-06-24 12:37:43,183,90.0,LORA,-33.0,20.0,44.6,0.9994
2026-06-24 12:37:45,184,90.0,LORA,-37.0,20.0,44.6,0.9994
2026-06-24 12:37:47,185,90.0,LORA,-34.0,20.0,44.6,0.9994
2026-06-24 12:37:51,186,90.0,LORA,-37.0,20.0,44.6,0.9994
2026-06-24 12:37:53,187,90.0,LORA,-35.0,20.0,44.6,0.9994
2026-06-24 12:37:55,188,90.0,LORA,-37.0,20.0,44.6,0.9994
2026-06-24 12:37:57,189,90.0,LORA,-36.0,20.0,44.6,0.9994
2026-06-24 12:37:59,190,90.0,LORA,-36.0,20.0,39.7,0.9995
